content,date,stars
"검색해서 평이 좋길래 갔었구요. 스콘 2종류를 주문했어요. 마침 오픈 2분 전이라 젤 먼저 도착해서 바로 주문했는데, 제가 주문하자마자 5분도 안 돼서 사람들이 잔뜩 와서 주문하고 기다리는 걸 보고 정말 디저트 맛집인가 보다 했어요. 평일 오전인데도 오픈 10분만에 가게가 북적북적!!안테리어는 동화 속 같은 느낌이었어요! 예뻤구요. 전 2층이 있는 걸 미처 몰랐는데, 나중에 보니 2층도 예쁘다고 하더라구요. 담에도 신촌 가면 꼭 들리려구요. ^^",2025-01-17,
여기는 정말 단골각입니다파이며 스콘에 케익들이 다맛있어요심지어 가격도 좋아요ㅎ수제라 자꾸자꾸 손이가는 물리지않는 맛! 중독적입니다인테리어는 너무나 감각있게 잘꾸며져 있어 사진 맛집입니다.토요일 2주 연속 방문중이에요또 가고 싶어요~~^^ 자주 가겠습니다아! 평소에 커피의 산미를 좋아하지않아  처음엔 별로라 생각했는데 먹을수록 디저트와 잘어울려요^^자몽에이드도 달지않아 디저트와 굿입니다.,2025-01-12,
몸 생각해서 자주 올수 없는 곳 ㅋ 이제까지 다니면서 여러가지 파이를 두루 섭렵을 했는데 어느 것 하나 맛이 없는게 없어요 오늘도 맛있게 잘 먹고 갑니다 오래간만에 오니 너무 잘생기고 예쁘고 순둥순둥한 멍뭉이가 있네요..사랑스럽네요,2024-12-24,
너무 맛있는 파이홀!지난번에 처음와서 눈 돌아가고 단거 땡긴다는 남자친구랑 또 왔어요종류도 다양한데 재료들의 합이 좋고 너무 과하지 않아서 파이들이 조화로워요오늘은 과일파티 샤인머스캣이랑 딸기! 샤인은 상큼하고 딸기철인데 싱싱한 딸기 올려져 좋았어요역시 과일파이가 너무 달지 않아서 맛있어요파이지 타르트지식감이 다른것도 좋았어요 얼음도 간얼음이라 좋았고 남자친구랑 파이홀에서 맛있는 파이 먹고 여행계획 짜면서 행복함 한도초과 >_< 🤍,2024-12-19,
출근은 3일했지만 많은걸 남가고 떠나신 로제선생님..⭐️ 남기고 가신 것 중 하나가 바로 이 카페! 선생님의 추천으로 갔는데 디저트 파이 너무너무맛있고 카페도 우드톤으로 힐링되는 분위기여서 좋았다ㅠㅠㅠㅠ 역시 누군가의 추천으로 간 곳은 아묻따고^^ 나도 이제 신촌역 카페 추천할 곳 생겼다 이말씀~~,2024-11-22,
"신촌 파이로 유명한 카페 파이홀 다녀왔어요!친구가 가자고해서 쫄래쫄래 따라갔다가 디저트가 너무 맛있어서 반하고 온 카페입니다.파이홀은 1층, 2층으로 구분되어 있고 파이 종류도 많은데다가 다양한 디저트와 음료가 판매되고 있었어요!주문한 라떼 맛있고, 고메버토 바스켓과 밤티라미수도 맛있게 잘 먹었습니당~~~!손님들이 끊임없이 들어오는데 나만 몰랐던,, 정말 유명한 맛집인가봐요👏 내부도 아늑하고 테이블 많습니당ㅎㅎㅎ 먹어보지 못했던 파이 먹으러 또 올게요",2024-12-05,
"초콜릿 피칸파이 진짜 호두 가득 들어서 꼬숩고적당히 달아서 최고의 파이됨..,,전에 복숭아 홀파이도 먹었었는데, 전반적으로 파이 당도가 덜달아서 안물리고 다 먹게되는듯,,,근데 스콘이 진짜 맛있어요.  제발 스콘 먹어보세요. 버터향 빽빽하니 미친놈입니다...,,,커피는 플로럴 향 가득 산미있는 맛입니다.",2024-12-15,
바노피/솔티드카라멜라떼바노피-꾸덕한카라멜+바나나+우유생크림+화이트초코조합이라 적당히 녹진하면서 달달해서 완전 취저♡4가지중 어느 한가지맛이 너무 튀지 않고 잘 어우러져 맛있었다😆💕솔티드카라멜라떼는 따뜻한것보단 아이스추천.,2024-11-14,
추천받고 갔는데 역시는 역시남자친구랑 저녁 먹고 간건데 파이2개 음료2개 쿠키1개 뿌시고 왔습니다 ㅋㅋㅋㅋ파이 너무 꾸덕하고 달달하고 맛있어서 당보충 최고쿠키는 더 촉촉했으면 좋겠는데 제 기준 부셔지는 식감이라 조금 아쉽 ㅠ파이 너무 맛있고 종류 다양해서 또 오고싶어요오래된 역사가 보증하는 맛집!이대 오래된 와플집이랑 파이집 다 인기 많은 이유가 있는 것 같아요 시계도 완전히 취향저격…❤️,2024-11-25,
아침에 갔다가 저녁에 한번더갔어요 운좋게 기다리지않고 착석했고 1층에도 2층에도 다 앉아봤네요 ㅎㅎ 펌킨 레드빈 딸기피스타치오아몬드 키라임 다먹어봤는데 다맛있어요 종종 와서 안먹어본 맛 다 먹어보려고요!!  가격도 적당하고 마음에 쏙 들어요,2025-01-11,
"파이종류 이렇게 많은 곳 처음 봤어요 수제로 만든거고화장실이나 , 가게 인테리어도 신경쓴것 같아 앉아있는 내내 좋았어용 피스타 치오 딸기 파이 먹었는데 진짜 맛있어용",2025-01-07,
솔티드카라멜라떼/마카다미아카라멜파이신촌 파이맛집♡♡인테리어 미국가정집 스타일이라아늑한분위기에 아기자기하니 예쁨솔티드카라멜라떼 단짠단짠해서 맛있고마카다미아카라멜파이 밑에 치즈베이스에 위에 카라멜+마카다미아라 달달고소함ㅎㅎ신촌데이트코스로 추천👍,2024-11-13,
파이홀러버지만 처음 먹어본 코코넛파이! 파이홀의 묵직한 크림을 좋아하는데 코코넛파이는 머랭같이 가벼운 크림이라 조금 아쉬웠어요ㅠ 그래도 코코넛이 많이 올라가 있어서 맛있게 먹었습니다 다음에 딴 파이 먹으러 또 갈게요!,2025-01-15,
파이전문인곳 찾을때 오기좋은곳!파이가 식사로도 먹기 좋을정도로 든든하고 맛있었습니다😊,2025-01-15,
"편입시험 끝나고 조사해본 주변 가게중에 제일 취향이어서 방문했는데 기대이상이었습니다. (직원들과 예기 나누느라 영수증 받은 사실을 잊어버려 재발급도했고...) 가격도 동가의 다른 제품과 비교하면 사이즈도 맛도 월등해요. 잘라서 담을 때 손가락에 묻은 크림 먹은 것 만으로도 진한 우유향이 나요💕 파이지도 적당히 바삭하고 필링도 베리 요거트 맛, 먹을 땐 라벤더가 부각되지는 않지만 크림에 코박으면 나요💜내일 다른 맛도 먹어야지",2024-12-15,
오픈한지 두시간만에 품절되는 메뉴도 있네요 인기가~~ 파이 맛있고 매장이 너무 아기자기 귀여웠습니다!,2024-12-21,
신촌에서 옴총 유명한 파이 맛집 파이홀한조각 양도 많고 일단 하나하나 너무 개성있게 맛나서 정신못차립니다..많이 달지않고 각 재료의 찐맛을 살려 가장 최고의 맛을 느끼게해주는 곳!!!갈때마다 종류별로먹고있는데 이때껏 실패한맛없네요..신촌에서 파이드시고싶은신분 달려가세용😁😁😁,2024-11-10,
사람이 많고 대기도 많아요2층도 자리 있어요! 근데 테이블 간 간격이 좁아요내부 인테리어 귀여운것 많아요 인스타 사진올리기엔 좋을것같아요저 에이드는 시럽과 탄산수가 완벽하게 분리되어서 도저히 섞이지가 않더라구요 ㅠ 커피도 조금 밍밍했지만.. 음료 주력은 아니고 파이... 예쁜 파이가 주력인 카페입니다,2025-01-12,
얼그레이가나슈가 대표메뉴라길래 먹어봤는데 꾸덕한 가나슈에 비해 달지 않아서 좋아요. 한 입에 다 먹고 싶었어요. 허니솔티드?는 첫맛이 진짜 맛있는데 끝에 약맛이 올라오더라구요... 밀크티는 매우 맛있어요! 얘도 달지 않아서 계속 마실 수 있었어요. 근데 쓰시는 원두가 산미가 강한 것 같아요. 화장실에 온수 잘 나오고 난방 따뜻한 건 너무 좋았습니당 ㅎㅎ,2024-12-19,
"오랜만에 방문한 추억의 장소, 파이홀! 파이 종류 다양하고 맛있어요:)",2025-01-10,
[재방문의사없음]총 평점 3.3/5.0레몬에이드 6500원 3.4/5로투스파이 7300원 크림도 로투스맛이 났지만 그냥그랬음 3.3/5제주녹차허니캐모마일파이 7300원 위에 얹은 크림이 너무 많았는데 그냥 크림맛이 강했고 오히려 그 아래 깔린 제주녹차는 맛있었음 3.3/5아메리카노 4500원+500원(디카페인)3.3/5파이맛을 기대하고 갔는데파이는 크림이 너무 얹어져있어 부담스러웠고 오히려 기대안했던 레몬에이드가 맛있었음근데 가격을 보면 맛이 없는게 더 이상..다카페인 아메리카노는 그냥 그랬음 맛조차 기억나지 않음파이맛을 기대했으나 크림을 더 맛보면서 그 아래 과일맛으로 크림맛버팀 재방문의사없음(그냥 생크림맛별로안좋아함)빵쟁이친구도 포장안하고 넘어감,2025-01-10,
"소문난 디저트 가게에 갔다가 생각보다 실망하는 경우가 많은데, 파이홀은 '소문날만 한 가게' 라는 생각이 드네요.일단 메뉴개발을 위해 고심한 흔적이 묻어납니다. 기본적으로 신맛과 단맛을 조합하는데, 거기에 항상 하나의 포인트를 두고 있습니다.무화과헤이즐넛파이에는 무화과의 새콤함에 크림의 단맛이 기본으로 조합되는데, 여기에 헤이즐넛이라는 고소함을 더하고 있네요. 2개의 맛을 조합하는 경우는 일반적인데, 여기에 세번째 맛으로 포인트를 주는 것은 정말 쉽지 않습니다. 재료들이 각자 따로 놀면 망하기 때문이죠.이렇게 자연스럽게 어울린다는 것은 수많은 시행착오를 거쳐 최상의 맛을 찾아낸 결과로 보입니다.커피도 기본적으로 고소한 맛이 나는데, 함께 먹을때 맛있는 조합을 찾은것 같습니다.",2024-10-14,
보통 파이집이 아니예요 한 번 먹어봤다가 나중에 계속 생각나서 또 들렀어요! 사람이 너무 많아서 복잡하긴 하지만 내부는 프랑스 느낌으로다가 또 얼마나 예쁘게 꾸며 놨는지ㅜㅜ💛 인기 없을 수 없!,2024-11-17,
파이 맛집이라고 소개받아 왔습니다아기자기하고 예쁘게 꾸며진 말그래도 느좋 카페😏아늑해서 사진 잘 나오고 대화하기 좋아 한참을 웃다가 갑니다,2025-01-15,
워낙 파이맛집이라고 유명한 곳이더라고요피스타치오딸기 부모님이 맛있다고 하셨어요블루베리도 안에 블루베리 가득 담겨져있어요다른 파이들도 먹어보고 싶네요,2025-01-10,
신촌 최고의 디저트 맛집🥧❤️레몬 머랭 파이 진짜 맛있어요🥺루이보스 바닐라 티는 차에서 바닐라 향이 나서 더 맛있고 향긋하네요 데이트에도 친구랑 수다떨기에도 좋은 카페입니다♡,2024-11-29,
커피는 밍밍하고 블루베리 파이는 정말 맛이 없었어요 ㅎㅎ..... 블루베리 필링이 과육이 살아있고 새콤한 편인데 파이는 따뜻해서 상당히 안어울림.....차갑고 파이지가 바삭했음 더 좋았을텐데....따뜻한 파이면 꾸덕하고 달달한게 더 어울릴 것 같아욤 코코넛크림파이는 진짜 몽글몽글 맛있고 소금초코쿠키는 초코맛 찐하고 꾸덕해서 좋았어요! 블루베리말고 다른 파이를 골랐으면 만족도가 더 높았을듯 ㅠ 제가 먹어본 파이 중 최악 ㅜㅜ...,2025-01-12,
너무 맛있는 파이들이 많아 고르기 힘들었어요ㅜㅜ 그치만 무엇을 선택하든 기대이상의 맛일 거 같아요. 네 가지 모두 맛있었습니다. 다음번엔 스콘과 다른 파이를 먹으러 또 갈 예정입니다.,2024-12-28,
신촌의 유명한 파이맛집!친구랑 먹으려고 포장했어요!사람이 엄청 많아서 포장만 하는것인데도앞에 주문이 밀려서 꽤 기다렸네요! 하지만 맛있어서 인정이요!얼그레이가나슈 ⭐️⭐️⭐️찐한 홍차향은 좋았지만 가나슈가 넘 달아서 좀 아쉬웠어요!헤이즐넛무화과 ⭐️⭐️⭐️⭐️⭐️무화과가 엄청 싱싱하구 의외의 조합인데 최고바나나치즈 ⭐️⭐️⭐️⭐️⭐️치즈의꼬수운맛과 바나나가 넘 잘어울리고 바나나가 하나도 안무르고 신선한 상태였어요!!!피스타치오크림 ⭐️⭐️⭐️⭐️피스타치오맛 찐해서 꼬숩고 정말 맛있었어요!!다른 파이류도 다 도전해보고싶을만큼 맛있었어요!,2024-09-14,
"고민고민하다가 솔티카라멜인가에 아이스크림 추가했어요(8,000) 이제 딸기철이라 딸기 먹으러 또 갈거예요!",2024-12-03,
첫 방문입니다!!! 파이가 너무 맛있어요!!!! 사람이 많아서 포장 했는데 넘 좋아요!!! :-),2024-12-29,
오늘 얼그레이가나슈 파이가 살짝 얼려있어 아쉬웠어요 통밀딸기파이는 처음 먹었는데 맛나더라구요~,2025-01-08,
나의 애정하는 파이맛집케이크류는 처음인 것 같은데 쫀득하고 달달한 시트라서 취향저격이었어요단호박파이는 시나몬맛 나는 꾸덕재질이에요여긴 화장실이 한 칸이라 협소해서 항상 아쉽긴 합니다,2024-11-07,
파이들이 다 맛있어보여서 전부 다먹고싶을정도로 맛있었어요 마카다미아+치즈+카라멜조합 짱...앞으로 파이먹고싶을땐 여기로!!!,2024-11-24,
커피와 디저트도 너무 맛있고 친절해 좋아요~,2025-01-17,
파이홀 진짜 몇 번을 왔는지 모르겠어요레몬머랭 파이도 상큼하고 파이지 바삭한게 너무 맛있어요. 하지만 역시 제 최애는 바노피!,2024-12-12,
매번 매장이 꽉 차서 못 이용하다가 테이크아웃이라도 해봤는데 아주 맛있어요,2024-12-28,
파이 종류 너무 많아서 다 먹어보고싶었어요..!,2025-01-13,
"오랜만에 신촌 와서 파이홀 방문했어요! 항상 느끼는거지만 어떤 파이를 먹어도 다 맛있는 것 같아요. 뭐가 특별히 맛없지 않아서 그날 먹고싶은걸로 먹으면 되는 곳!얼그레이가나슈 : 같이 방문한 일행은 이 얼그레이가나슈를 먹고 얼그레이 디저트에 완전히 꽂힌 것 같더라구요. 얼그레이향이 굉장히 맛있었어요!마카다미아카라멜 : 저는 이게 더 맛있었는데, 견과류 고소한 맛이랑 카라멜 향이 아주 잘 어우러져서 맛있었어요.",2024-09-05,
파이홀 유명해서 방문했는데 너무 만족했어요! 파이 진짜 맛있어서 다음에 또 다른맛 먹고싶어요,2024-11-03,
제주녹차카모마일? 무슨맛일지 상상이 안갔는데 되게 맛있었어요! 녹차가 크림치즈랑 섞여서 부드럽고 위에 하얀크림이 엄청 향긋하고 맛있었고 피스타치오딸기는 딸기가 너무 맛있고 견과류가 씹혀서 고소했어요 파이지도 바삭해요,2025-01-04,
오랜만에 방문했는데 맛있어요,2024-12-30,
"다양한 파이와 구움과자 메뉴들이 있어용!신촌에서 제가 유일하게 인정하는 디저트 집입니다 💓파이 종류도 매번 다양한데 라인업을 따로 공지 안해쥬셔서 아쉽지만 매번 기대 가득가득하고 가게되는 장점도 있네요 ㅎㅎ 호지차 넘 맛있었구요,, 달달한 파이들 커피랑 먹으면 1인 2개 쉽게 가능 헿ㅎ",2024-08-16,
친구 선물로 딱이에요. 블루베리 타르트가 달달하고 상큼하고 맛있어요.,2024-12-12,
신촌 올 때마다 꼭 들르는 파이 맛집!! 레몬 타르트 상큼해서 진짜 맛있었고 녹차오레오타르트듀 꾸덕해서 너무 맛있었어요..☺️ 같이 데려간 친구도 너무 맛있고 가게도 이쁘다고 좋아하네요! 갈 때마다 사람이 너무 많아서 자리가 없어 나온 적 많은데 이번에는 바로 입장해서 좋았어요ㅎㅎ,2024-08-29,
신촌에 친구 놀러 오면 데려가기 좋은 카페!!! 인기 많은 시간대에는 좌석 없어요 🥹,2024-11-25,
소문대로 파이 모두 맛있고 만족스러웠어요🍓,2024-12-14,
"역시 파이홀,, 말모입니다🥧🧡 너무 맛있어요ㅠㅠ 메뉴도 더 다양해졌는데 항상 젤 많이 먹은 오레오말차를 시키게되네요 언제나 맛있어요~ 매장도 더 넓어져서 좋습니다 ㅎㅎ",2024-09-11,
6500원 생레몬에이드 테이크아웃 주문했어요.메뉴판에 생레몬에이드라고 적혀 있어 주문 했는데 생레몬은 아예 안들어가고 기성레몬즙만 넣어주셨어요.얼음도 용기에 80~90% ㅋㅋㅋㅋㅋㅋ다섯입 마시니 없네요😭생레몬에이드가 먹고 싶어서 검색해서 찾아온건데🥲파이전문이라 그런가보네요…,2024-11-12,
단골샵 확정입니다 맛있게 잘 먹어요 인테리어 굉장히 마음에 듭니다,2024-10-16,
대학 졸업 후 정말 오랜만에 왔는데 2층이 생겼네요. 인테리어 너무 아기자기하고 예뻐요. 파이는 말모~ 너무 맛있어요.,2024-10-04,
역시 파이홀언제 먹어도 맛있어요호박 파이 더 맛있어진 것 같아요,2024-12-27,
재방문 했어요역시나 너무 맛있었어요~~~꺄악 또 오고싶어요,2024-10-14,
라벤더베리 파이 맛있어요. 쿠키도 정말 맛있습니다,2024-11-24,
신촌을 이야기할 때 빼놓을 수 없는 파이홀이에요! 사장님 꼬르동 블루를 졸업하셨구 파이 종류가 다양한데 정말 맛있어요😋 비스킷과 스콘도 맛있으니 꼭 하나씩 다 드셔보세요👍 2층 좌석도 넓어서 편하게 드시고 가실 수 있어요! 신촌에서 디저트를 찾으신다면 파이홀 꼭 방문해보세요🤩,2024-09-15,
고메비스킷이 라즈베리쨈이랑 너무 잘 어울려요.. 음료도 맛있고.. 여기는 여전히 사람들도 많이 찾아 오는 신촌 맛집 중에 하나에요,2024-10-05,
여기 엄청 후기 좋고 유명하다고 해서 기대를 많이 하고 와서 그런지 아쉬움이 컸어요! 얼그레이 파이는 초코랑 위에 얼그레이 크림 따로 도는 느낌이고 무화과 통밀은 무난했어요!커피 맛도 보통인데 컵 옆에 다 묻어서 나오고.. 전체적으로 분위기는 아기자기한데 다시 올 것 같지 않아요🥲,2024-09-23,
파이 막있고 직원분들 친절하고 인테리어도 예뻐용,2024-11-24,
파이도 스콘도 정말 맛있어요...... 진짜 너무 맛있어요..... 스콘에는 저렇게 잼도 따로 주시는데 그게 또 맛있습니다ㅜㅜ,2024-09-29,
"연대생이 사랑하는 디저트 가게로, 언제 가도 사람이 많은 곳입니다. 연대 졸업생이 운영한다는 이야기를 들은 적 있는 것 같아요. 말차 오레오와 얼그레이맛 파이가 유명하지만 사실 뭘 시켜도 맛있습니다. 오늘 시골호박피스타치오를  처음 먹었는데 진짜 맛있었어요. 아아가 싸지 않으므로 다른 음료를 마시는 편이 이득입니다. 시나몬 카푸치노 추천합니다. 거품이 부드럽고 계피향이 디저트랑 잘 어울려요.",2024-08-19,
케이크도 맛있고 인테리어도 예뻐요,2024-10-03,
끝내주는 파이,2024-11-18,
메리플피칸파이 + 디카페인 아메리카노. 오늘도 맛있었다!,2024-11-13,
,2024-12-26,
분위기 좋고 디저트 맛있어요,2024-10-15,
파이 항상 맛있게 먹고있습니다!,2024-10-21,
인테리어가 아기자기 예쁜데 디저트도 파이 하나하나 넘맛있었어요 하나고르기힘들어서 2개나 골랐는데 다맛있었는데 헤이즐넛무화과 추천요,2024-09-30,
맛있어요!ㅋㅋ자주 와요,2024-12-08,
집들이선물로최고에옹,2024-10-23,
"맛있어요!신촌역 케이크 맛집 치면 바로 나와서언젠간 꼭 와야지 했는데요ㅎㅎ후배랑 파이랑 아아 맛있게 먹으면서좋은 이야기 나눴어요!!주문받아주시는 선생님도 친절하게 맞이해 주셨어요:)덕분에 좋은 시간 보내다 갑니다!담에 파이 먹고 싶을때, 예쁜 곳 친구랑 가서 떠들고 싶을때다른 파이 먹으러 올게요^^",2024-08-03,
보통 카페인줄 알았는데 들어서자마자 사람이 엄청 많아서 주문도 줄 서서 했어요 파이를 파는 곳은 흔치 않은데 데코도 이쁘게 잘 나오고 맛있었어요 특히 파이 끝부분이 넘 맛있어서 못참고 한조각 더 먹었어요 호지차파이는 맛이 엄청 진했어요 복숭아 통밀 파이가 상큼하고 여름 날씨에 먹기 좋았어요 자리 없어서 만들어서 앉았습니다 ㅎㅎ 카페도 이쁘고 사진도 잘나와요 다음에 또 가서 먹을거에요 긴장해~~~,2024-06-30,
"맛있는 파이들이 정말 다양해요👍🏻스콘이랑 비스킷도 있고,포장하기도 좋은 디저트 맛집이에요",2024-08-27,
이집 파이는 최고입니다 맘 같아선 출근도장 찍고 싶은데 건강생각해서 자제합니다 ㅎ 오늘은 협력사들과 밥 먹고 디저트 먹으러 방문했네요2층은 조용하고 인테리어와 분위기도 좋아서 얘기하기에 아주 적당한 장소입니다,2024-06-20,
오래전부터 알고 있던 곳.. 오랜만에 신촌에 와서 파이홀 방문하니 추억이 샘솟아요😊다양한 파이와 쿠키 보기에도 이쁘고 맛있어요😋,2024-08-10,
피스타치오 파이 정말 맛있어용 😻😻 파이 종류 다양해서 너무 좋은 것 같아요,2024-09-26,
어느날 그냥 지나가다 들러서 테이크아웃해서 사먹었는데 너무 맛있어서 그 뒤로 테이크아웃 몇번하다가 처음으로 매장에서 먹어봤어요!매장이 너무 예뻐서 구경하는 재미가 있어요ㅎㅎ파이는 정말 어떤 메뉴를 시켜도 너무 맛있네요..👍파이 좋아하시면 진짜 무조건 추천....!👍 자주 테이크아웃 할게요ㅎㅎ,2024-08-10,
신촌 파이 맛집 파이홀.7천 원대의 스무 종이 넘는 파이.맛도 꽤 좋아요~!1~2층으로 되어 있어 자리는 많지만 사람도 많답니다.레몬 머랭 파이를 먹었는데 다른 메뉴도 궁금해서 재방문하고 싶은 카페!,2024-06-06,
아메리카노가 생각보다 되게 커서 놀랐어욤 호지차 파이 맛있네요!,2024-10-20,
복숭아 타르트 먹었는데 너무 맛있어서 한조각 바로 또 포장했네요..  복숭아 철 지나면 못먹을 수도 있으니 꼭 드세요! 딱복 물복 섞여있어서 어떤건 부드럽고 어떤건 아삭해서 좋았습니다 옆에 쿠키 조각 서비스로 주신거로 너무 맛있어서 같은거로 포장했네요 다음에 신촌오게되면 다른 것들도 먹어봐야겠어요,2024-07-22,
파이홀 파이 너무 맛있어요!!점점 더 맛있어지는 것 같아요,2024-08-24,
신촌 파이 맛집🥧 한 번 먹고나면 파이홀이 미친듯이 먹고싶은 날이 와요,2024-10-16,
사람이 많은게 흠인데 진짜 언제가도 맛있어요...,2024-10-02,
"파이홀 지나만 가면서 이쁘다 생각했는데, 처음 방문 했습니다!!뒤에ㅜ일정이 있어서 파이는 못먹었지만, 쿠키와 음료 다 맛있었습니다! 개인적으로 가격에 비해 양은 적었다고 생각했는데, 음료들이 색도 예쁘고, 정성스러웠습니다.! 저는 타이라임티에 끌려서 먹어봤는데, 라임청이 들어간것같은 달달함과 차분한 차 맛이 시원하고 좋았습니다!",2024-08-04,
맛있어 봤자ㅏㅏㅏㅏ 했는데 진짜 파이 맛있네요?🥹🥹🥹 다음에 또 가서 다른 맛 먹을 거예요!,2024-07-30,
신촌 갈 때마다 파이홀에 가요! 오래도록 영업해주세요,2024-11-06,
파이 종류 진짜 다양함 따뜻한 분위기,2024-12-22,
카페가 아기자기하게 예쁘고 파이 맛있어요! 사람이 생각보다 많았어요!,2024-08-15,
언제 와서 먹어도 너무 맛있어요🤍 파이가 진짜 다양해서 고루는 재미가 쏠쏠하고 뭘 골라도 다 맛있숩니다!,2024-10-05,
리뷰들이 왜 좋은질 모르겠네요. 말차라떼는 절대 시키지마세요. 말차맛 전혀 나지도않고 달기만해요. 단우유 맛이네요. 복숭아 타르트 후기에서 극찬하는거만큼 맛있지도않아요. 그냥 단 파이맛이에요.,2024-08-30,
"신촌 파이홀은 언제나가도 맛있어요.🥧👨🏻‍🍳🫶🏻🫶🏻음료도 맛있어요.😉😉👏🏻👍🏻파이.쿠키맛집이에요~🪄🪄👨🏻‍🍳여전히 사람이많아요!2층까지 확장해서, 이용하기 더 편리해졌어요.가격도 합리적이라서 좋아요.🍪🍰🥧🫶🏻🫶🏻",2024-04-30,
파이랑 케이크 종류가 다양해서 고르기 힘들어요 ㅜㅜ 포장해서 먹어도 맛있어요!,2024-08-06,
디저트 음료 다 맛있고 좋은데 화장실은 개선이 필요해보여요..,2024-10-26,
신촌 파이맛집~얇고 바삭한 시트위에 풍성한 토핑이 진짜 너무 맛있는 곳!완전 강추요👍커피는 고소하니 참고하세요,2024-10-23,
"와.. 여러분. 솔티 파이? 이거 먹지 마세요... . 진짜 짜고 짜고 짜고 짜고 또 짬.. 어떻게 이걸 팔 수 있어요?진짜 최악의 최악 솔트 파이.  위에만 짠게 아니라 안 쪽의 빵 부분도 짜구요. 너무 나중엔 파이 밑부분도 짰어요.  이게 뭔 파이가 이래요..? 정말 정말 저어엉말 짜서 아직도 기억에 남는 충격적인 파이.어우 사진만 봐두 짠맛이 올라와요.  다른건 맛있엇어요. 피스타치오 호박파이 맛나구요. 웨딩임브레이스 주문했는데, 티두 뜨근뜨근하게 부드럽게 맛나용. 커피두 파이와 너무 잘어울렷습니다!",2024-08-22,
"타이라임티 꼭 드셔보세요 여름이었다 그자체,,👏파이는 말할것도 업쥬",2024-08-31,
레몬머랭이 좀 더 상큼하면 좋을텐데 아쉽고 통밀무화과가 입에 맞네요~,2024-09-05,
맛있게 잘 먹었습니다.감사합니다^^,2024-09-08,
피넛크럼블 파이 강추합니다꾸덕하고 고소하니 맛있어요,2024-09-04,
굿~,2024-11-29,
자몽홍차타르트 존맛이에용 가게 좀 추웠고 바노피는 넘 달아서 단거 좋아하는분들 추천,2024-11-30,
파이 종류가 많고 너무 맛있어서 좋았어요,2024-07-27,
매장이 정말 귀엽고 파이도 귀엽고 접시도 귀엽고 그냥 다 귀엽네요. 파이도 맛있어요. 월요일 7시에 방문 했는데 자리가 없었어요. 근데 사람들이 좀 금방 빠지더라고요.10분이내로 자리 겟 했었던 ! 근데 파이는 많이 빠져서 없어요. 전반적으로 맛있고 아기자기해서 귀엽고 신촌에서 맛있고 귀여운 디저트 카페 찾는다면 추천 드려요 ~,2024-05-27,
독창적인 파이가 많아요 ~ ^^시즌마다 새로은 메뉴가 등장하죠 ~그래서 그런진 손님이 많아요 ~ ^^,2024-06-09,
매번 지나가면서 구경만 했는데 오늘은 한조각 먹고갑니다. 대학생들인지 평일 저녁인데도 좌석 한자리도 겨우 찾았네요!달달한 편이긴한데 제일 끝부분 제외하고는 부드러운편이라 또 먹고싶네요. 무화과파이 추천이요,2024-09-10,
"ᴍ ᴇ ɴ ᴜ 로얄밀크티(6500) + 베리사워에이드(6500) + 아아(4500) + 하귤쨈스콘(3800) + 오레오말차파이(6500) + 자몽가득파이(7000) //오늘도 참 많이 먹었네요,,,먹고싶은 메뉴가 많아서 자제가 잘 안됩니다^0^,,오늘도 맛있게 먹었어요 ㅎㅎ",2024-06-20,
파이 종류가 엄청 많아서 고민고민해서 포장했네요ㅋㅋㅋ 사람이 많아서 정신없긴했지만 주말이라 더 그랬던 것 같아용! 자몽파이 진짜 달콤쌉싸름해서 맛있었어요 강추!! 피칸캬라멜도 크림치즈가 꾸덕+달달했고 망고요거트는 생망고가 잔뜩있어서 좋았습니다ㅎㅎ,2024-06-06,
종류가 다양하고 맛있습니다. 조금 비싸고 양이 적지만 그만큼 맛있어요.,2024-08-29,
귯,2024-11-27,
항상 맛있어용💕더운데 포장했더니 좀 녹아있어서 아쉬웠어요ㅠㅠ담엔 매장에서 먹어야겠어요!!!,2024-08-10,
통밀무화과 맛있네요,2024-09-12,
맛있어요,2024-11-25,
"사람이 바글바글~ 다양한 파이 메뉴에 놀랐다운좋게 자리가 나서 주문한 파이와 음료오레오 말차 가나슈, 자몽 에이드, 아이스 커피말차의 쌉싸름한 맛이 강해서 내취향!음료 속 얼음의 크기가 작은게 맘에 들었다.",2024-04-27,
매장이 복잡해서 포장해왔어요~초코렛파이 마니 달지않고 맛있네요~과일파이는 애플파이 맛있네요^^,2024-08-31,
꾸덕파이맛집,2024-09-19,
시골호박피스타치오 평생먹고싶어요,2024-12-14,
아기자기한 카페 좋아해서 완전 맘에 들었어요ㅎㅎ디저트류 넘 맛있어요 ㅎㅎ 댕댕이들하고 같이올 수 있어서 더 좋았어요ㅎㅎ,2024-05-25,
코코넛크림 파이가 상큼하고 가벼워서 맛있었고 통밀발로나초코쿠키 초코 맛 진해서 좋았어요 😋😋,2024-07-23,
개인적으로 파이가 너무 맛 없어요.. 크림이 우유 풍미가 느껴지는 것도 아니고 파이지도 평범하고 특히 충격인 건 복숭아가 노맛 ㅠ 복숭아가 진짜 단감보다 더 딱딱하고 복숭아 특유의 향도 안 느껴져요 거의 무같아요.. 포크로도 잘 안 꽂힐 정도? 복숭아가 어떤 상태인지 확인 안하고 만든 것 같아요. 무맛인 복숭아에 물엿코팅한다고 맛있어지는 게 아니잖아요 ㅠㅠ 그리고 매장 너ㅓㅓㅓ무 시끄럽습니다,2024-08-11,
타이라임티 👍👍👍👍👍👍👍👍👍👍👍상큼달달 좋아하시면 꼭 타이라임티를 드세여!!!!!!!!💚💚💚💚💚💚👍👍👍👍👍👍파이도 진짜 다 맛잇어여 🥹🫶🫶🫶 쿠키들도 다  맛있구🫶🫶🫶 포장해서 선물하기도 좋아영!!!!그리구... 타이라임티💚💚💚💚🫶🫶🫶👍👍👍,2024-03-18,
케이크가 냠냠굿입니다.무화과 케이크는 !!무화과!! 느낌보다는 초콜렛이 많이 들어간 느낌이였습니다. 달달하데요. 참고하십쇼,2024-09-11,
"커피나 티는 별로이며, 파이도 그닥 이네요 .ㅠㅠㅠㅜ",2024-08-15,
피스타치오아몬드딸기랑 제주녹차허니캐모마일? 파이 두가지 먹었는데 둘다 너무 달지 않고 잘 어울리면서 맛있었어요! 특히 캐모마일허니녹차는 어디서도 안먹어본 파이라서 새롭고 좋았던 것 같아요! 위에 크림이 허니(캐모마일)이고 아래가 꾸덕 녹차인거 같은데 꿀녹차를 파이로 먹는 느낌이었습니다ㅎㅎ 진짜 스콘도 다양해서 다 먹고 싶었어요....♡,2024-04-05,
디저트도 맛있고 커피도 맛있어요! 무엇보다 카페 인테리어가 아기자기해서 구경하기도 좋았어요😊,2024-07-10,
왜 파이맛집인지 알겠네요~^^오레오말차조합 넘 맛있어요💚🖤,2024-07-25,
"오레오말차 맛있습니다! 올 때마다 주문해요 ㅎㅎㅎ 블루베리 아이스크림 신맛 좋아하신다면 새콤달콤 아주 좋아요! 다만, 아이스크림이 빨리 녹기도하고, 이번에는 플레이팅이 살짝 아쉬웠네요! 맛은 좋았어요!",2024-07-27,
리뉴얼하면서 매장도 더 넓어지고 인테리어가 아기자기해져서 사진찍기도 좋아요🤍 파이는 언제 먹어도 너무 맛있네요..! 망고요거트는 첨 먹어봤는데 상큼 달달한게 최고에요 아메리카노와의 조합 굳👍,2024-05-06,
"신촌가면 가끔 방문하는 카페인데,, 인테리어도 너무 귀엽고, 무엇보다 파이가 진짜 너무 맛있어요!!!!!!!!주문 받자마자 흥분하고 먹어서 음식 사진은 없어요ㅎㅎ",2024-05-31,
사람이 많아 자리 찾기가 어렵지만 맛있게 먹고 만족했습니다,2024-08-24,
너무  맛도리...!,2024-10-23,
제 최애 타르트가게에요.거의 10년만에 왔는데도 여전히 사랑받는 가게네요. 원픽 얼그레이 가나슈는 못먹었지만 피스타치오 체리 먹었습니다. 다음엔 재방문해서 얼그레이가나슈 먹고싶어요!,2024-06-06,
신촌에 이런 파이 맛집이라니😻 파이지가 두툼하고 안에 필링도 가득해서 밥 먹고 디저트로 거하지만 맛있게 먹었어요ㅋㅋㅋ 안에 자리도 많아서 친구랑 대화하기 좋아용!,2024-04-18,
호박파이가 맛있지만 파이지가 바삭하지는 않아요.,2024-08-10,
사람 너무 많음,2024-10-03,
"빈티지하고 아기자기한 인테리어에 맛있어보이는 디저트가 가득한 파이홀💕 겨우겨우 골라 레몬머랭파이와 바닐라밀크케이크를 시켰습니다. 상큼한 레몬맛과 부드러운 머랭크림, 그리고 초코와 크림치즈맛이 나는 케이크를 번갈아 먹으면서 먹는 내내 행복한 기분이었습니다ㅎ.ㅎ 진짜 너무 맛있네요.....ㅠㅠ 친구와 다음에 하나씩 도장깨기하기로 마음 먹었습니다..🥺 다음엔 스콘도 도전...!!!평일 2-3시쯤 갔는데도 이미 1층엔 사람이 많았고 2층엔 시간이 지날수록 점점 오다가 만석이 되더라구요. 평일에도 사람이 많아서 놀랐어요ㅎㅎ 그래도 매장이 2층까지 넓어서 좋아요! 직원분들도 친절하십니당",2024-02-16,
파이 맛집! 1층 좌석은 미니멀하고 2층에 좌석이 많아요!파이가 진짜 다양하고 맛있어요! 음료도 맛있고 분위기도 동화 속 다락방 같아서 손님이 항상 많아요! 웨이팅 해야 한다면 자리 눈치게임에 성공할 것!,2024-06-02,
"말차덕후이다보니, 수많은 디저트 중에서도 꼭 하나는 말차로 고르네요 ㅎㅎ 다른 하나는 레몬머랭타르트!둘다 맛있어서 조금씩 아껴서 잘 먹었습니당!!ㅎㅎㅎ",2024-04-05,
"신촌 근처를 오면 매번 방문하게 되는 곳.다만 늘 자리가 없어서 자리 잡기가 힘들어요. 그럼에도 파이들이 너무 맛있고, 이 곳에서만 먹을수 있는 맛이라 꼭 오게 됩니다. 너무 좋아하는 가게에요🥰🥰🥰",2024-03-13,
신촌살이 하며 항상 오고 싶었는데 사람이 너무 많아 못 왔었다가 이번에 오게되었눈데 왜이리 인기가 많은지 알거 같아요! 저희는 얼그레이 가나슈 멋었어요! 미친 대존맛...가나슈 맛 진짜 진하고 얼그레이 크림은 상하지않고 부드러워 잘 어울려요 또 와야징~~,2024-04-14,
친절하고 맛있어요,2024-08-26,
맛있어효.. 친구가 맛있다고 추천해줬는데 진짜 맛있었어요. 너무 배불러서 한조각밖에 못 먹은게 아쉬워요ㅠㅠ,2024-06-17,
파이도 맛있고 커피도 생각보다 맛있어서 좋았어요바나피 파이 강추!!,2025-01-18,
파이홀 가보고 싶었는데 너무 맛있어서 따로 포장도 했습니다! 좋아요 💘,2024-05-18,
잘먹고가요!,2024-09-29,
파이가 진짜  맛있는집  상큼한 키라임파이에  고소한 마카다미아 카라멜 파이 최고!!!,2024-08-12,
수제 파이 비쌉니다. 사람 엄청 많습니다.,2024-08-27,
매장이 2층으로 되어있어서 좋았습니다.타르트가 맛있었어요.,2024-06-11,
스콘도 파이도 다 맛있어요,2024-07-04,
공간도 예쁘고 분위기가 좋아서 편안하게 방문하는 곳이에요! 다만 손님이 많으니 만석이거나 사람이 많은 건 예상하고 방문해야 하는 곳이에요 ☺️ 파이 종류별로 다양해서 하나씩 먹어보고 싶은 도전의식이 생기는 카페에요 👍🏻,2024-02-11,
염미하움... 🩷,2024-08-01,
○디저트 맛있었습니다○커피는 너무 연하고 싱겁고 향이 약했습니다,2024-06-19,
⭐️⭐️⭐️⭐️➕타르트 맛이 끝내줘욤 ❤️가격은 비싼데 그정도 가치가 있는 맛이에요!➖인기가 많아서 방문하는 사람이 많아내부가 너~무 시끄러워욤 .. 시장 같은 느낌 😱,2024-05-15,
맛있게 잘 먹었어요.. 파이 비주얼이 미쳣어요,2024-07-14,
항상 사람이 많지만 맛있어요,2024-06-21,
딸기잼파이 굳굳근본의 신촌디저트집 파이홀,2024-05-02,
"🍀싼건 아니지만 그만큼 고 퀄 디저트🍀✔디저트를 먹고 싶어서 찾아간 곳. 일요일 오후 4시 30분에 방문했는데 사람 꽉 차 있었음.✔다행스럽게도 솔드아웃은 전혀 없었고, 타르트가 종류별로 다양했음.✔가나슈 타르트부터 시작해서 과일 타르트까지 있었고, 일반 케이크와 구움과자까지 라인업이 다양함.✔딸기잼파이(6.500원)를 먹었는데 타르트 부분이 아주 얇고 필링이 가득 들어있음.✔타르트 부분도 1도 딱딱하지 않고 달달한 쿠키 느낌.✔딸기가 없었어도 충분히 맛있게 먹을 수 있을만큼 고 퀄리티였고 딸기도 달달 새콤했음.✔얼그레이 가나슈(7.000원)는 얼그레이향이 나는 달달한 가나슈 맛. 꾸덕해서 많이 먹기는 힘들 듯.✔저렴한 편은 아니지만, 퀄리티도 좋고 양도 적지 않아서 돈이 아깝지 않았음",2024-01-21,
가고싶었는데 드디어🧡,2024-10-01,
신촌역 올 때면 꼭 오는 카페예요. 뭘 먹어도 맛있어요.,2024-07-06,
계획에 없었는데 날 좋은 날 모처럼 들르게 되었어용여전히 좋네요~,2024-04-06,
늘 갈때마다 사람이 많아서 주말에는 자리가 있지 않을까 했지만..! 대실패…!너무 많아요 사람 ㅎㅎ..,2024-06-15,
가격대는 좀 있지만 마카다미아 카라멜 파이 완전 맛나요!사람이 붐비는 카페라 조금 정신없긴하지만 파이가 맛나서 신촌이 들릴일있으면 간간히 파이먹으러갈거같아요!,2024-03-10,
최애 파이집,2024-11-17,
조아요~,2024-12-21,
굿,2024-09-20,
"파이 종류 엄청 다양해요 !! 개인적으로 펌킨파이 추천합니다🎃🎃타이라임티는 처음 먹어보는 맛이었는데, 상콤달달하니 파이랑 잘어울려요~",2024-04-23,
파이 맛있어요~,2024-05-31,
신촌 온 김에 파이 맛집이라길래 들렸어요. 파이도 맛있지만 비스킷 따뜻하게 먹으니 참 맛있어요.,2024-03-28,
good!!,2024-09-05,
친절해요,2024-09-10,
전에 바나나 있던 거 맛있었는데 ㅎ오늘은 다른 파이 먹었지만 대체로 다 맛나요,2024-06-08,
파이가 맛있어요!,2024-06-01,
"오후 7시 반쯤갔는데 사람이 엄청 많아서 10분정도 기다렸어요! 좌석은 2층까지 있어서 생각보다 금방 빠져요 파이 종류도 많은데 진짜 너무 맛있어요 ㅠㅠ 눈물남 접시나 컵, 진동벨마저 귀엽고 매장 인테리어도 귀여워서 사진도 잘 나와용",2024-01-22,
주말이라 사람 많다… 오늘은 파이대신 스콘 픽!,2024-06-01,
파이 맛집,2024-08-24,
it’s alright. the staff is nice,2024-06-18,
저는 메이플피칸파이랑 아아먹고 일행은 커피파이에 아아 먹었어요. 파이랑 커피 둘다 맛있게 먹었어요! 나중에 소금초코쿠키도 사먹었는데 단짠단짠이라 맛있게 먹었습니다,2024-02-24,
"샤인머스켓,카시스밤파이,얼그레이 가나  고메비스켓,애플잼 스콘,에그파이 모두 굳",2024-03-08,
여긴 디저트를 먹어야하는데.. 못먹어서 아쉽지만여기에만 있다는 라임티?? 먹었는데 넘 새롭고 맛있었어요 ! 추천합니다 😻,2024-03-07,
파이랑 먹기에 음료가 달지 않아서 좋았어요~_~,2024-05-11,
먹고 가더라도 1인1음료가 아니라서 케이크만 먹을 수 있습니다 케이크가 맛있어요👍🏻,2024-05-25,
디저트다 살짝 아쉬웠지만 역시 커피는 맛도리!!!다음엔 맛난걸로 골라서 먹어볼게요,2024-03-07,
"샤인머스켓은 맛잇구요, 산딸기는 맛없어요.. 화장실 남여 공동이라 넘 불편하고 하나뿐이라 대기도 길고 재방문은 안할거같아요",2024-04-05,
너무 맛있어서 놀랐어요. 특히 피스타치오 딸기 케이크는 정말 인생 케이크입니다... 만드신 분 천재예요 ㅠㅠㅠ 매일 생각날 정도로 맛있는 케이크니까 꼭 드셔요! 파이 맛집이라지만 케이크가 너무 맛있네요 ㅠ 모든 디저트 하나하나 다 먹어보고 싶은 곳입니다!,2023-12-23,
"네이버 지도에 저장해 두고 언제 함 와야지 했는데 근처에 볼일이 있어서 신촌에 왔다가 파이홀에 왔어요!!오픈시간이라 여유 있었구 저는 포장해 왔는데 가격이 부담시럽지 않아서 만족해요!케이크, 쿠키,  시콘 다 맛있지만 얼그레이가나슈,버터갈릭스콘 넘 맛있어요ㅠㅠ",2024-01-06,
"파이와 쿠키 종류가 다양해요저는 바노피라는 바나나와 카라멜이 조합된 파이 먹어봤어요 타르트지 위에 바나나가 씹히고 카라멜층이 도포된 위에 흰 크림, 그리고 그 위에 코코넛가루가 뿌려져있습니다카라멜크림이 단맛이 강하기 때문에 단 디저트 좋아하는 분이면 취향저격이실듯!1시쯤 되니 사람들이 물밀듯 들어와서 전후로 가시는게 방문하기에 편할 것 같아요",2023-12-07,
"🥧먹은 것- 펌킨파이 6,500- 딸기쨈파이 7,000🪑자리 있음 (2층까지)💗재방문의사 있음펌킨파이는 시나몬 향 주의. 시나몬 좋아함에도 맛이 꽤  강하게 느껴짐. 오늘 먹어본 두 메뉴 중에는 딸기쨈파이를 더 추천. 딸기가 가득 올라가있고, 생크림 밑에 딸기잼이 추가로 들어가서 매우 상큼함. 일요일 오후 2시쯤 1층은 만석이었음. 인테리어도 많이 신경쓴 티가 남. 파이 외에도 케이크, 쿠키 등을 팔고있음.",2024-01-14,
연대 친구가 신촌의 자랑이라고 해서 갔어요!! 사람이 많았는데 운좋게 마지막 테이블에 앉았어요. 가게 인테리어가 예쁘고 분위기가 좋아요! 추천받은 메뉴인 샤인머스켓 타르트도 맛있네요🫶🫶,2024-03-29,
"키라임파이(왼) , 미시시피머드초코파이? (오)키라임파이 -> 뭣 모르고 시켰다가 너무 셔서 죽을 뻔 했어욥ㅋㅋㅋㅋ 전 신걸 못 먹어서 신거 좋아하시는 분들은 드세요미시시피머드초코파이 -> 이걸 꼭 드세요 괜히 앞에 미시시피 들어간게 아녜요 존존존맛탱❤️외국인 분들도 오는 찐 맛집인가봐요 파이 종류가 굉잔히 많아서 좋았습니다 주말에 방문 했더니 벌써 만석!! 2층은 만석 되면 장소 특성상 왕왕 울려대 시장판 저리가라할 정도로 시끄러우니 참고 하기!!",2024-03-10,
연한 베이지노랑과 민트색의 벽과 빈티지한 소품들이 어우러진 아늑한 분위기입니다. 다만 홀이 넓어서 사람이 많으면 대화하기 어려운 시끄러움ㅎㅎ 진한 크림치즈와 새콤달콤한 딸기 조화가 좋네요 홍차와 즐기기 딱이에요,2023-12-13,
체리쇼콜라 정말 맛있었어요! 웨이팅이 꽤 길어서 다음 번에는 사람 없는 시간대 잘 찾아서 포장해와야겠어요,2024-05-27,
"루바브 라즈베리 파이 먹었어요! 라즈베리의 상큼한 맛이 강했고, 라즈베리 위에 크럼븧이 바삭해서 맛있었어요. 단 맛보단 상큼한 맛이 더 강한 파이라서 단 거 좋아하시는 분들은 참고하세요!!",2024-01-22,
대학교 때도 자주 갔던 추억의 카페를 갔어요 :) 사장님 여전히 예쁘시고 친절하세요😀 가나슈 케이크 여전히 맛있네요ㅎㅎ 신촌 갈 일이 있다면 꼭 가보세요!,2024-10-13,
파이가 생각보다 덜 달아서 좋았고 맛있어요사람 많아요,2024-04-24,
포장해 친구에게 선물했는데 맛있다고 했어요!다음엔 제가 먹어보겠습니다.,2024-02-27,
💛,2024-06-22,
신촌갔다가 들러봤어요케익종류가 다양해요~커피는 좀 연한데 깔끔하긴 하네요^^,2024-02-13,
"짙은 맛의 풍미가 있는 케잌을 맛볼수 있어요. 사람이 많아 1,2층 이지만 문앞에 2인테이블에서 먹었어요ㅜㅜ 붐빕니다 빵 굽는 냄새가 솔솔나요~",2024-03-21,
파이 종류가 엄청 다양하고 비주얼이 이뻐요!! 친구한테 추천받은 맛이 있지만 비주얼 땜에 블루베리파이 골랐습니다ㅎㅎㅎ 블루베리 잼 엄청 많이 들어있어서 엄청 많이 넘쳤어요!! 맛도 너무 좋네요ㅎㅎ 파이지 부분도 너무 맛있고 잼도 맛있고 다 너무 맛있었어요! 아메리카노랑 먹으니 딱 좋았습니다😊 추천해요!!,2023-12-21,
파이 맛있다는 후기보고 갔는데 피스타치오 크림이 맛있었다. 커피는 무난. 음료는 시고 단맛이 강해서 그저그랬음. 신촌역 근처에 분위기 좋은 카페가 잘 없어서 추천!! 사람은 좀 북적이는 편이다.,2024-02-03,
파이가 너무 맛있고 친절하세요,2024-05-07,
조금 시끄럽지만 파이가 맛나요,2024-05-18,
👍🏻👍🏻👍🏻디저트도 다 맛있었고아메리카노 산미가 없는 스타일 좋아하는데 딱 좋아요!다만 사람은 엄청 많은 것에 비해 좌석은 많지 않음!,2024-03-23,
인테리어  소녀감성!!!스콘도 맛나네~~타르트 맛집인데  커피도 맛나고~~~시즌마다  메뉴가 바뀌니 봄에  또 와야지~~사장님과 직원분들이 친절하시기도 하지만  참 좋다♡♡♡,2024-02-01,
커피는 찐해서  ㄷ저트랑 먹기 딱 좋고 고메비스킷에   크림치즈와  라즈베리쨈  발라 먹으니 꿀맛!!!말차마카다미아 스콘 최애템♡♡,2024-02-01,
디저트 맛집오레오말차  부드럽고 쌉쌀하고 달콤하고  넘  맛나다♡♡♡커피는 디저트를 맛나게 도와주고  디저트는 커피를 더 마시라고  응원한다~~신촌에 가면 꼭 가야할 디저트집최고 👍,2024-02-01,
제 원픽은 카시스치즈밤파이,2024-04-02,
파이 종류가 엄청 다양하고 다 맛있어요😍,2024-06-04,
오레오말차가나슈 진짜 맛있어요👍,2024-04-12,
망고요거트 파이 맛있어요,2024-05-14,
바쁜데도 일하시는 분들 친절해요 🩷🫶🏻ㅠㅠ제가 커피 쏟았는데도 잘 처리해주셔서 감사합니다커피랑 파이 다 맛있어요!!!,2024-04-27,
여기서 스콘 맛집이네요 😍😍이렇게 맛있다니 추천합니다🩷🩷 이미 유명한 곳이더라구요 ㅋㅋ,2024-02-08,
Good,2024-08-04,
맛은있는데 사람이 왜이렇게 많은지는 잘 모르겠음!,2024-03-01,
신촌역 디저트 하면 파이홀🥧 파이 맛있게 먹고 갑니당~,2024-02-12,
언제나 실패없는 파이홀♡ 하나씩 도장 깨듯 먹어보고 있는데 모두 맛있어요.,2024-04-06,
원래 초코 피칸 먹는데 없어서 다른맛 골랐는데라즈베리파이.. 는 재료의 조화가 하나도 안됨ㅠㅠ 신거 좋아하지는분들은 좋아하실텐데 호불호 갈릴듯 위에 크럼블만 먹음 ㅠㅠ,2024-03-19,
ㅈㄴ핫플이네요 ㅋㅋ못 앉을뻔 재빠르게 자리를 찾는것이 중요파이는 여전히 맛있겠죠?,2024-03-21,
"간만에 맛있는 케이크, 파이 먹은 곳재방문 의사 굿",2024-04-30,
신촌가면 들리는 파이홀~~매장 좀만 더 컸으면 맛난 파이홀 살찌는 소리 두구두구~~~,2024-02-06,
파이홀 사랑해요 요즘 들어 손님이 더 많아진 것 같아요,2024-02-23,
dog friendly,2024-03-16,
소문이 자자한 디저트 맛집 입니다~ 합리적인 가격에 맛이 좋아요! 커피는 잔얼음은 많은데 맛이나 양은 그닥이네요. 파이는 강력 추천 합니다.,2024-02-14,
디저트 종류가 진짜 많아요!근데 또 다 맛있어보임🥹 고르는데 힘들었어요ㅋㅋ,2024-01-21,
파이가 종류도 많고 맛있어 좋았어요.시원한 우유도 팔면 좋겠어요,2024-05-27,
기대이상으로 너무너무 맛있어요무화과로 만든 디저트가 맛있는곳이 많지 않은데잘익은 무화과로 만든 디저트라 진짜 대만좃무엇보다 사이즈도 큼직하고 커피맛도 좋아요바나나치즈는 무난해요 다른 디저트도 종류별로 먹어보고 싶어요,2023-11-25,
취향저격. 수제파이 맛 완전 만족,2024-04-27,
들어가자마자 아기자기한 인테리어에 보는재미가 있었어요 :) 귀엽고 포근한 매장이었구요. 얼그레이 가나슈는 생각만큼 많이 달지도 않고 따뜻한 아메리카노와 조화가 잘 어울렸어요. 파이가 느끼하지도 않고 많이 달지도 않고 딱 좋아요 :) 평일 낮시간대라서 사람도 많지않고 좋았습니다 :),2023-11-23,
인테리어 넘 예쁘고 커피도 디저트도 맛있었어요!,2024-05-25,
파이 맛집! 분위기 아기자기하고 좋아용~~ 2층에도 좌석있어요!,2024-03-16,
오랜만에 지인과함께파이먹으며 데이트했네요포토존많은곳파이 맛있어요,2024-03-22,
파이 왕국… 뭘 먹어도 맛있음. 근데 살찌니 이제 자제하려구요,2024-02-07,
파이 종류 엄청 다양하고 너무너무 맛있어용 ..❣️ 다만 사람이 많아서 웨이팅이 거의 필수입니당,2024-03-07,
파이 종류 다양해요 댑악.. 꼭와바야댐,2024-04-23,
"타르트로 유명할만큼 정말 맛있어요!로투스랑 딸기가 특히 맛있었습니다❤️ 같이 나온 포도같은 과일은 매우 셔서 안먹는걸 추천드려요.자리가 조금 좁고, 사람이 많은게 단점이네요ㅜㅜ",2024-02-21,
요거트 샤인머스켓 치즈 파이 먹고 기절했습니다 다음에는 딸기 파이도 먹어보고 싶어요 외관도 예쁘고 내부도 아늑해서 좋았습니다,2023-12-19,
자리 없어서 포장했는데 맛있어요,2024-03-08,
파이 종류 다양하구 정말 만족스러운 파이였습니다..!! 존맛탱 신촌오면 꼭 다시올곳. 😋😍,2024-01-07,
"너무너무 애정하는 파이맛집,,🩵 항상 사람들로 붐벼서 자리 잡기가 힘들지만 그만큼 인증된 맛집입니당",2024-05-03,
디저트 맛집,2024-05-14,
초코! 한 디저트를 정말 먹고싶었는데 하.... 파이 비쥬얼부터 너무 감동이에요 파이지랑 잘 어울리는 초코맛이라 맛있었습니다,2024-02-17,
너무 맛있어서 포장 자주 이용해요,2024-06-25,
이용 잘 하였습니다.,2024-07-27,
오랜만에 방문했는데더 커지고 인기도 많아졌네요!여전히 파이가 맛있습니다 :),2024-02-12,
늘 사람 많지만 파이 진짜 맛있어요,2024-04-05,
스콘이 무척 맛있었어요 같이 주는 베리쨈을 곁들여서 먹으니 더 맛있습니다 피스타치오 딸기는 약간은 제 취향은 아니었지만 다양한 파이가 있어서 이거저거 먹어보겠습니다🩵,2024-03-03,
"정~~~~말 맛있었어요❤️‍🔥특히 과일인 딸기요거트파이, 샤인머스켓요거트파이, 무화과 파이 너무 맛있었고애플잼 스콘도 타가게보다 부드러워서 맛있었어요다음에 또 구매할게요🫶",2023-12-12,
파이위에 올라가는 딸기가 싱싱하네요.파이도 맛있어요.,2024-02-27,
늦게가서 파이 종류가 많지않았지만 ㅜㅜ 다들 넘 맛나게 생겼어용,2024-03-09,
파이가 맛있어요 ~,2024-02-18,
친구가 예전부터 맛있다고 한 집 생각나서 왔어요 맛나용 담에 또올께요~,2024-01-13,
피스타치오딸기파이 넘넘 기대돼요!!!><🍓🍰💚,2024-02-18,
역시 유명한 카페는 다 그 이유가 있네요 ... ♥ 디저트 천국인데 진짜 다 맛있어요!!!!디저트 맛집 신촌 카페 찾고있다면 강추입니다,2024-01-16,
"검색시 메뉴 사진에는 애플파이가 있어서 갔으나, 애플파이 보단 애플크럼블파이가 있어서 어쩔 수 없이 요걸로 대신해서 시킴. 간만에 얇은 사과들이 저며져 있는 파이가 오랜만인지라 좋았고, 농도도 괜찮았음. 다만 달달함 위에 또 단 크럼블까지 더해진지라 내 입맛엔 단맛이 투머치한 것 같음. 그냥 커피만 마신다면 커피 맛 괜찮음. 그러나 파이와 같이 먹는다면 커피가 뭔가 얌전한 느낌이 듦.파이나 케이크의 맛과 디자인, 전체 컨셉이 전문디저트의 세련됨 보다는 외국 가정집 홈메이드 같은 크고 투박한 느낌이였는데, 커피 맛도 그에 따라 좀 더 투박한 맛이였으면 좋지 않았을까 생각해봄. 다른 파이 종류와 케이크, 스콘들도 하나 같이 맛있게 보여서 종류별로 맛보고 싶음.",2023-12-12,
자리 찾기가 어렵지만그래도 항상 들리는 맛집,2024-04-27,
오랜만에 왔는데 역시나 맛있어요! 그런데 파이가 조금 작아진거 같아요~ 두개씩 사먹어야겠어요!,2024-03-17,
피스타치오 파이 너무너무 맛있어요,2024-03-02,
파이가 맛있습니다. 커피는 무난.자리만 있다면 편하게 대화나누기 좋은 카페.,2024-03-01,
파이홀은 말모말모.. 집이랑 가까워서 자주갈 수 있음 좋겠다ㅠㅠ 대학로에도 만들어주세요!!,2024-03-08,
사람들이 엄청 많아요! 맛은 있어요!,2024-03-23,
파이 종류가 엄청 많아서 고르기 힘들었어요~~연휴 때라 사람이 정말 많아서 자리 잡기 좀 힘들었지만💦💦 다음에는 디저트를 좀 더 음미하러 가구 싶어용,2024-03-02,
"신촌역 인근 파이 맛집입니다. 파이홀입니다. THE PIEHOLE 가게 외관부터 힙합니다. MZ들이 지나칠 수 없는 간판입니다.내부엔 젊은이들이 바글바글합니다. 파이 메뉴를 살펴봅니다. 레몬머랭파이, 미시시피초콜릿머드, 오레오말차가나슈, 얼그레이가나슈 등 다양합니다. 빵돌이 눈 돌아갑니다.네명이서 방문했는데 각자 1인 1파이 하기로 했습니다. 취향에 맞는 파이 하나씩, 음료 하나씩 골라 주문했습니다. 저는 복숭아가 올라가 있는 치즈파이와 아아를 골랐습니다.사람이 많아 메뉴가 나오는덴 시간이 조금 걸립니다. 이쁘게 생긴 파이 가운데로 뭉쳐놓고 사진 찍습니다. 사진 실력이 조금 아쉽지만 그 자체로 화려한게 딱 인스타 감성입니다.얼그레이가나슈는 얼그레이 크림이 꽤 달고 초콜릿이 덜 답니다. 맛은 있",2023-10-08,
바노피파이 포장했는데 오늘 상태가 너무 별로였습니다. 카라멜은 너무 달아서 혀가 아리고 파이지는 탄 맛나서 슬펐어요. 파이홀 맛있지만 날바날이 너무 심해서 랜덤뽑기하는 기분이에요.,2024-01-19,
파이 진짜 맛있어요 최고... ㅜㅜㅜ ㅜㅜㅜㅜㅜ,2024-03-24,
맛있어요 🥰 인기있는 카페일 만 하네요사람도 많구요,2024-05-10,
신촌에서 제일 추천할만한 파이맛집,2024-02-16,
분위기 좋고 파이 다양하게 있어서 좋아요.인테리어가 예뻐서 사진 찍기 굿,2023-12-09,
파이가 정말 굿이에요,2024-08-10,
맛있어요!,2024-06-09,
디저트 맛있고 서비스로 주신 에그타르트 진짜 맛있어요,2024-07-05,
맛있게 잘 먹었는데 케이크는 진짜 아닌건 같아요ㅜ피스타치오는 크림에서 너무 인위적인 시럽맛이 나고 알 수 없는 향긋한 향이 나요ㅠ케이크 시트도 일반적인 시트가 아니라 다 못 먹었어요ㅠ…앞으로는 파이만 먹을거 같습니다😂,2023-12-25,
"가게 간판을 보는순간 저절로 걸음을 멈추게 하는 진정 디저트 맛집으로 보였어요!!🩷 평일 오전대라 그런지 사람이 없어서 좋았구요 주말에는 데이트 하기 좋을거 같아요!!!👫👫무엇보다 파이 맛집에 걸맞게 파이와 아메를 시켰는데...아메는 거들뿐 파이가 파이 했습니다🙊☺️바바나치즈케익이 맛있다하여 시켜보았는데요,,, 세상에 너무 달지 않고 건강하게 단맛과 파이의 고소함이 정말 이곳은 디저트의 성지더군요🫶❤️",2023-10-10,
파이가 다양해서 좋아요,2024-03-09,
스콘 및 쿠키 다양한 디저트 맛있어 보였어요 포장으로 이용했구요 자리가 넉넉하지 않아 자리는 이용하지 못해서 아쉬웠습니다...ㅠㅠ,2024-08-17,
파이 너무 맛있어요 ㅠㅠ 왜 줄서서 사가는지 알겠움 .. 인테리어도 너무 예쁘고 직원분들도 친절해서 너무 좋았숩니다 !!!,2023-12-12,
레몬머랭 상큼하고 맛있어요 친구는 펌킨 시켰는데 시나몬!하는 맛이더라고요 각자 입맛에 맞는대로 맛있게 먹었습니다,2024-02-12,
파이맛집인거 같아 가봣어요 매장에 사람많구 의자는 딱딱한 나무에여 레몬머랭은 엄청 셔서 자꾸 윙크하는 맛이고 피스타치오는... 특유의 향?때문에 반도 못먹고 남겻어요ㅜㅜ 저는 한번 간걸로 만족할래요 바닥부분 빵? 과자부분이 얇은건 좋았어요,2023-10-14,
얼그레이 가나슈 레전드,2024-05-07,
커피도 맛잇고 파이도 맛잇고 쿠키도 맛잇어요!!!점심약속 전에 가서 가볍게 쿠키만 먹었는데 파이 종류별로 다 맛 보고 싶은거 참느라 혼났어요 ㅋㅋㅋㅋ,2023-10-28,
파이가 맛있습니다.다만 매장이 많이 시끄럽고 여러모로 대화하기는 좀 불편해서 앞으로 포장만 하려고 합니다.,2024-02-27,
"키라임, 피스타치오 먹었는데 키라임은 정말 맛있었고  피스타치오 위에 올라가는 크림이 시큼했어요ㅠㅠ 원래 이런 맛인건가 했는데 의도한 맛이라고 하기엔 정말 이상했어서 크림만 걷어내고 먹었습니다.",2024-01-08,
피스타치오 딸기 타르트 너무 마시써용,2024-02-15,
파이 맛있었어요~~ 또 먹고 싶음,2023-12-19,
존맛,2024-04-27,
디저트 마싯어요,2024-01-26,
"맛잇어요,,, 항상 맛있다고 생각해요,,,",2024-04-23,
직원분들 모두 친절하셔서 좋아요.,2024-02-12,
조금 시끄럽긴 하지만~ 바나나치즈케이크는 맛있네요<^*,2024-02-01,
비싼데 비싸요,2024-03-04,
파이가 비싸긴하지만 맛있어요. 특히 마카다미아 카라멜 타르트 굿👍🏻,2024-02-23,
신촌에 친구가 놀러왔을 때 데려가기 좋은 카페입니당😇 매장 앞 트리 귀엽고 예쁘더라구요 ㅎㅎ 1층은 좁고 약간 시끄러우니까 2층 이용하세요! 인테리어도 예쁘고 대화하거나 작업하기 좋아요〰️,2023-12-13,
파이 맛나요,2024-11-03,
얼그레이 부분도 맛있는데 가나슈가 진하고 더 맛있어요. 커피는 진하진 않은편인데 디저트랑 먹기엔 괜찮았고 간얼음이였어요!,2023-11-24,
여기 파이는 진짜 너무 맛있어요..ㅡ 종류도 다양하고,2024-02-27,
맛있네여,2024-04-17,
친절하세요,2024-05-03,
겨울 한정 윈터 파이 맛있네요,2023-12-28,
"파이,케이크 종류 완전 다양하고 다 맛도리ㅠㅠ 커피는 평범해요",2024-07-07,
"파이와 스콘이 맛있어요카푸치노도 맛있어요 전  얼그레이스콘, 엄마는 피스타치오아몬드딸기파이 맛있었네요. 애플파이와 애플잼스콘을 사서 가는데 맛있음 좋겠어요",2024-01-29,
"인테리어도 예쁘고 음료, 디저트 모두 만족스러웠어요. 테이블 간의 거리가 있고 음악이 시끄럽지 않아서 이야기 나누기에 좋았어요!",2023-10-26,
"파이 종류가 다양하고 디카페인 커피도 괜찮았어요.파이는 라임크림이랑 제주녹차허니카모마일을 시켰는데 라임은 꽤 상큼하고 꽤 빨리 녹고, 제주녹차가 더 맛있었어요. 다만 카모마일 크림은 진짜 가볍고 어우러짐이 좋았는데, 녹차부분이 진짜 꾸덕하고 묵직해서 잘 물려요.인기가 많아서 자리 잡기가 쉽진 않지만 인테리어도 예쁘고 전체적으로 맛있었어서 좋았어요.",2023-09-23,
좋아요 😀 👍 😀 👍,2024-02-20,
매장 이용은 처음!2인 자리뿐이라 테이블 붙여서 앉았어요 ㅎㅅㅎ가게가 좀 추웠어요,2023-12-27,
"파이가 유명하고 대기가 많아서 맨날 실패하다가 드디어 가봤어요. 가게가 작긴하지만 디저트는 맛있어요. 커피는 보통이에요. 그런데 가게가 작고, 내부가 좀 추웠어요",2023-12-16,
맛있어요!!키라임,2024-02-07,
짱맛!!!!!! 근데 매장이.전체적으로 너무 시끄러워요ㅠ,2024-05-09,
파이 전문점은 잘 없는데 종류 다양해서 좋아요,2024-03-16,
선물샀어요~,2024-04-11,
피간 파이 정말 맛있었어요~ 2층 안쪽 들어가면 훨씬 자리가 많아요,2024-01-16,
말차라떼 맛나요,2024-03-09,
메이플피칸크림파이 너무너무 맛있어요브라우니듀 진짜 꾸덕하고 달아요파이 맛집입니다,2024-01-26,
얼그레이가나슈파이가 진짜 맛있어요!!!,2024-06-05,
선물하기 좋아요,2024-02-13,
파이 종류가 다양하고 두가지 먹어봤는데 둘다 맛있네욤☺️ 평일저녁에도 자리가 꽉차서 대기하는 사람 많았어용,2024-01-24,
"베리사워에이드,아아, 메이플피칸크림파이 먹었는데 다 맛있었어요 ㅎㅎㅎ 사람이 진짜 엄청 많고 메일플크림이 진짜 맛있네요~~ 인기 많은 것들은 일찍 솔드아웃되는거같고 자리도 2층인데 그만큼 사람이 많아요베리에이드도 상큼하니 맛있어요!! 단점은 화장실이 여자는 1칸이라는거? 남자는 모르겠네요다음에 방문에서 다른 종류 먹어보고 싶고,피칸의 고소함과식감 그리고 메이플의 달달함이 어울려져서 맛있게 먹었어요",2023-12-02,
냠냔굿~~,2024-05-11,
1층에는 자리가 없어 2층에 앉았어요 2층은 환기가 전혀 되지 않아 답답했어요. 그리고 자리가 꽤 가깝게 있고 손님 분들이 많다 보니 시끄러워 빨리 먹고 나왔어요,2024-02-29,
"진짜 진짜 맛있음… 파이&타르트 처돌이로서 분명히 말하지만, 국보로 지정해야 하는 맛집임. 어떻게 이렇게 맛있을 수가 있지??????🫶🏻",2023-11-25,
왜 인기 많은지 알겠어요케이크 진짜 맛있어요살짝 시끄러워서 감안하구 가야해요.,2023-11-07,
"음료, 파이가 맛있어요. 아이들이 좋아하네요.",2024-10-03,
인기가 많아서 자리잡기가 어렵네요ㅠ,2024-02-03,
맛이 다양해서 좋아요.,2024-02-07,
바노피 케이크랑 피스타치오 케이크 주문.바노피는 바나나크림 타르트에 화이트 초콜릿이 올라가 있었는데 화이트 초콜릿이 좀 건조하고 맛없는 초콜릿이었어요. 피스타치오 케이크도 위에 크림이 많이 느끼했어요.이번 케이크 초이스는 실패한 느낌이 좀 있네요. 다음엔 다른 맛있는 맛으로 골라야겠어요.,2023-11-05,
조아요 ㅎㅎㅎㅎㅎㅎㅎ,2024-02-18,
맛나요~~~ 늦게 오면 맛난파이가 없어져요,2024-03-02,
달다구리 디저트 좋아하면 무조선 가봐야할곳✨종류가 다양한데 다 맛있어서 매일 가고싶은 곳이에요🤍,2024-01-20,
파이 쫀맛탱구리 최고에요!,2023-12-23,
파이맛집이에요분위기도 외국 가정집 같아서 포근하고 좋아요😶‍🌫️,2023-12-02,
아메리칸 홈메이드 스타일. 너무 맛있어요.,2023-12-27,
파이가 진심 맛있어요.........자리도 금방 차더라구요 다른 걸 다 떠나서 파이 먹으러 또 가야할 곳입니다 피스타치오보단 초코나 카라멜 들어간 종류로 추천드려요,2023-11-13,
맛있어용,2024-04-24,
한창 디저트류에 관심이 많아져 여기저기 종류별로 먹어보곤 했거든요.(일부러 멀리서 찾아갔습니다)두가지 종류 포장해와서 집에서 먹었는데 오레오말차가나 맛있어요. 말차 특유의 쌉싸름맛과 오레오 조화가 괜찮았네요. 피스타치오크림은 도저히도저히..냄새도 좀 역하고 니글니글해서 못먹겠더라구요. 한번가본걸로 만족했습니다. 둘중엔 오레오말차가나 승!,2023-11-17,
타르트가 진짜 예쁜 곳입니다! 2층까지 있어서 좋아요이번에는 샤인머스켓이 올라간 디저트를 먹었는데 상큼하고 맛있습니다,2023-11-12,
오랜만에 다녀와도 맛있네 파이홀 타르트,2024-03-01,
복숭아 파이 먹고 싶어서 갔는데 품절이더라구요 ㅠㅜ오레오말차파이 먹었는데 이것도 너무너무너무 맛있었어요 찐!!!!한 말차맛 ㅠㅠ 당 충전 완료...여기를 왜 이번에 처음 가봤지!?! 싶을 정도로 너무 맛있었습니다 파이 전부 다 먹어보고 싶어요!!!,2023-08-09,
"제가 넘넘 좋아하는 파이맛집이에요! 재료도 너무 신선하고 다양하고,, 갈 때마다 다른 맛 시도하는데 다 맛있어요 ㅋㅋㅋㅋ",2023-10-04,
매일 매일 와서 분위기 즐기고 파이 먹구 싶다…❤️,2023-12-17,
가게 진짜 귀엽구 파이 지쨔 맛있어용 🥹🥹🥹🥹🥹🩷 적당히 달달해서 넘 조아용!!! 그리구.. 라임티가 진짜진짜 맛있었어요 최고🥹!!!!!!!!!!!!!!!!!!! 요거 마시러 또 오고파요💚💚💚💚💚💚💚,2023-09-25,
신촌의 명물입니다 파이홀👍,2024-02-18,
인테리어도 이쁘고 복숭아 파이도 너무 맛있어요~그런데 컨츄리송을 너어어어어어어어무 크게 틀어놔서 귀가 아프더라구요. 엄청 시끄러움.파이는 넘 맛있어서 또 포장하러 가려구요.,2023-10-10,
좋아요 굿굿,2024-03-10,
음료랑 디저트들이 너무 맛이 없었음 ...,2024-01-13,
굿굿,2024-04-15,
파이 맛집👍,2024-03-14,
맛있어요~~~,2024-02-29,
신촌에 가면 잘 들르게됩니다~파이홀은 선택지가 넓고 맛있어요~~,2023-11-17,
왜 유명한 건지 모르겠어요.. . 파이도 별로 특별한 맛 없고 달기만 해요; 음료도 비싼편이고.. 재방문은 안할 것 같아요,2023-12-30,
쏘쏘,2024-02-12,
진짜 너무 맛있는 디저트 맛집💚벌써 4번째 방문!! 아주 맛있습니당,2023-11-17,
파노비 파이 맛있어요 꾸덕꾸덕 카라멜과 신선하고 달콤한 바나나의 조합! 짱!!,2023-10-03,
신촌살아도 맛집은 검색해야 아는~~여기 매일다녔던 골목인데 정말 이런케잌 첨봤어요 정성가득 과일가득 맛도 최고네요 💕,2023-12-01,
더파이홀,2024-03-01,
먹어보고싶어지는 파이들이 한두가지가 아니었는데 하나만 사와서 아쉬웠습니다 ㅠㅠ 포장도 귀여워 저처럼 케이크보다 쿠키나 파이 선호하는 사람들에게는 최고의 디저트집🩷,2023-11-09,
"고굼파이는 매장에서 먹고 가구 나머지 파이들은 포장이엇는데 역쉬,,, 말모 신촌 최애 디저트 카페💓 매장에서 먹고 가면 이렇게 플레이트 이쁘게 해주셔용✨ 글구 포장도 혹시나 미리하면 상할까봐 나가기 전에 번호 말해주면 알뜰살뜰하게 챙겨주시는 세심함까지...! 리뉴얼하고 매장 공간 넓어진거도 넘 좋구 계절마다 나오는 메뉴들도 항상 기대와 맛이 동일해요🥰 그리고 시그니처인 얼그레이가나슈파이는 진리.. 사장님 오래도록 해주세요🫶🏻",2023-09-15,
케이크랑 파이 늘 맛있어요,2023-11-01,
좋아요,2024-10-23,
"케이크, 브라우니가 맛있어요",2024-01-26,
매장이 넘 예뻐서 들어갔는데 음료도 맛있어요2층도 한적하고 포근했어요 ;),2023-12-12,
평소에 말차종류를 별로 안좋아하지만 너무 맛있다고 해서 주문해봤는데요 후회없습니다!집갈때 하나 포장해가야겠어요:),2023-10-24,
와 대박 진짜 ㅈㅁㅌ. 또 가서 다른 거 다 먹어 보고싶네요. 갠적으로 루바브파이 최고. 한국서 쉽게 만나기 어려워서 있으면 꼭 드세요. 초콜릿피칸인가도 진짜 맛있어요. 커피랑 최고. 인기 많다는 무화과파이는 솔직히 별로여서 저는 비추!  레이디그레이밀크티?는 베이스가 말린 무화과인게 그 맛이 너무 강해서 좀 별로였어요.,2023-09-21,
쏘굿!,2024-03-20,
"애플크럼블 파이를 포장해서 갔는데, 더운 날씨라서 그런지 집에 도착해보니 파이가 다 흐물흐물해져있더라구요ㅠㅠ (타르트지 해체 중이었음…) 더운 날씨에는 포장하시려면 딱딱한 질감의 파이를 추천해요!애플 파이 속에 애플 조각이 엄청 큼지막하게 들어있었어요.저는 디저트 먹을 때 엄청 조금 조금씩 포크로 떼어먹는데 애플 조각들이 큼지막하니까 타르트가 큼지막 큼지막하게 떼어지더라구요.그리고 역시 과일 타르트라 그런지 수분이 많았어요그래서 더 흐물흐물해졌던 것 같아요크럼블이 바삭바삭한게 맛있었어요.",2023-07-29,
맛있어요 근데 오늘은 좀 많이 달았어요,2024-01-29,
타이 라임 티 처음 먹어보는데 신기한 라임 맛이라 저는 좋았어용 !! 글고 얼그레이 초코 맛있어요 ♥  피넛 파이도 좋았는데 쪼꼼 느끼해용 !! 전 호였습니당 ♥️,2023-10-22,
굳,2024-04-20,
몇없다고 생각하는 신촌개인카페중 타르트맛집임당. 항상 사람이 많아서 자리잡기 힘들다는것만 빼면 좋아요,2023-11-12,
얼그레이가나슈가 진짜 맛있어요!,2023-11-21,
오레오말차가나슈 넘 맛있어요 !!,2023-11-21,
파이 종류가 다양하고 완전 맛있어요 주기적으로 가줘야되는 곳이에요!!,2023-10-13,
파이가 꾸덕꾸덕하고 넘 맛있어요😆🥧☕️,2023-11-18,
맛있게 잘 먹었습니다,2024-01-05,
호박파이가 젤 맛난데 없어졌어요ㅠㅠ 피스타치오랑 메이플피칸크림은 너무 달아서 별로였어요...,2023-12-04,
맛있었어용~,2024-01-20,
맛나요,2024-08-06,
디저트가 너무 이쁘고 맛잇어요 ㅠㅠ 여자친규나 여자인 친구랑오면 좋을거 같아요,2023-10-22,
레몬머랭 파이가 젤 맛있었어요. 캐모마일도 좋았고 가게 느낌이 따뜻하고 귀여워요.,2023-10-20,
파이홀 2017년쯤 처음 가봤었는데 타르트 먹고 반했던 기억이 있어요..! 이번에 신촌 놀러가면서 파이홀 다시 가봐야겠다 싶어서 갔는데 종류도 엄청 많아지고 여전히 맛있더라구요ㅠㅠㅠ고소한 복숭아 넘 맛있었어요 다음에 가면 얼그레이가나슈 먹을 거예요!!,2023-07-15,
흥해라 더 파이홀!! 스콘이 묘미!!,2024-02-11,
🥧귤흑임자 파이 6900원🥧🥧아이스 아메리카노 4500원🥧신촌파이맛집답게 여러 종류의 파이가 있어서 뭐 먹을지 고민 하게되는곳!! 귤흑임자파이 엄청 꼬숩고 무화과절임이 들어있어 꼬독한 식감이 재밌었다!!,2023-12-23,
맛있어서 신촌 가면 항상 가는 곳이에요,2024-01-07,
화장실이 매장 내에 있어서 참 좋습니다.,2023-11-12,
레몬머랭파이 정말 이가 아릴 정도로 새콤하고 머랭은 달아서 맛있음…! 얼그레이 가나슈도 진짜 맛있어요 전메뉴 뿌셔야댐🥺,2023-11-28,
한달에 한번씩 세브란스 병원 진료 때문에 신촌에 오면 꼭 들러서 파이를 홀로 사가요. 아이가 제일 좋아하고 아이 못지 않게 남편도 좋아해서 순삭합니다. 애플크럼블을 제일 좋아하는데 솔드아웃이라 다른거랑 조합해서 가져가봅니다. 맛있게 잘 먹을게요!신촌 들르실일 있으면 꼭 가보세요❤️💚❤️💚,2023-09-05,
"1층과 2층사이에 계단앞에 포토스팟이 있고, 2층에 넓은자리가 있고 디저트맛집임",2023-10-21,
파이가 전부 다 맛있어요. 이럴수가 있나.. 그 중에서 제 픽은 런던포그입니당~ 향긋하고 단맛이 과하지 않고 잘 어우러져서 맛있어요,2023-12-01,
언제나 맛있어요!,2023-11-29,
파이 맛있어요,2024-01-03,
"다양한 종류의 파이가 많고, 다 맛있어요! 2층도 있어서 꽤 넓어요~",2023-10-22,
파이 너무 맛있어요🩷,2023-12-02,
스콘이 거의 파이 크기랑 비슷해요... 진짜 너무 추천합니다! 샤인머스켓 아래 요거트 크림 치즈? 엄청 맛있어요 😋,2023-10-09,
파이들도 맛있지만 저의 추천은 꾸덕 브라우니에 아이스크림 추가입니다~ 나뚜르 아이스크림이라 아이스크림도 맛있어요! 친구들이랑 인스샷 찍기도 좋습니다 ㅎㅎ,2023-09-23,
말해 모해.....대존맛🥹🥹 3개 시키길 잘했어요,2024-03-02,
음료는 보동 딸기잼 파이가 진짜 맛있었어요,2024-02-29,
타르트 전부 맛있고 브라우니도 괜찮았어요,2023-12-31,
스콘 맛보려고 또 갔는데 버터갈릭스콘은 맛있지만 그냥 그랬고 얼그레이가나슈 파이 대박!ㅋ 진짜 맛있어요 개취지만 역시 과일파이보다 훨씬 맛있는데 얼그레이의 진함이랑 쩐득한 초코 바삭한 도우 3박자 최고네요 많이 달지않아 좋고요 고메비스킷이랑 준 베리크림쨈도 맛있어요,2023-06-22,
"아아(4,500) 꾸덕브라우니(5,500)+아이스크림(2,000) 라임크림타르트(6,800)브라우니 처음 먹는데 진짜 꾸덕하고 달고 아이스크림이랑 너무 잘어울렸어요. 아이스크림 양이 적어서 좀 아쉽긴 한데 그래도 라임크림이랑 같이 먹으니까 단+상큼 이라서 맛있게 먹었어요!",2023-08-28,
커피도 맛있고 디저트도 맛있어요 ㅎㅎ,2023-09-15,
얼그레이가나슈 짱,2023-12-23,
예전 이자리말고 연대근처에 있을때가고 다시 방문했어요 맛이 그대로네요 종류는 더 많아진거 같고요 직원분이친절하시고 좌석도 넓고 좋네요 2층은 안가봤는데 어떨지 궁금합니다. 파이가 퍽퍽하지않아서좋았어요,2023-06-02,
"퇴근후 조금 늦은 저녁에 갔는데도 자리 만석이고, 포장손님도 여럿 있었어요. 파이 종류도 많고 맛있어요! 레몬•가나슈•얼그레이 추천해요",2023-11-29,
친절하구 너무너무 맛있어요 독보적인 맛,2023-11-16,
다른 케이크집 가려다 우연히 갔는데 아늑한 분위기 좋네요 과일 파이보다는 스콘이 훨씬 더 맛있었어요 스콘이 파삭한 느낌이에요 워낙 과일 든 걸 안 좋아해서 그런데 다음엔 다른 파이 맛봐야겠어요 스콘 맛집👍,2023-06-09,
녹차가 맛있어요,2023-11-20,
파이 넘모 맛있고 맛도 다양해서 재방문해서 다른 맛도 먹어보고 싶어요! 매장이 2층까지 있고 인테리어도 귀여워서 꼭 다시 오고 싶습니다,2023-07-24,
ㅍㅏ이 너무 맛있어요 🩷🩷,2023-10-18,
토요일인지 계속 만석!오랜만에 갔는데 케이크는 맛있어요!아메리카노는 물처럼 싱거웠다!!ㅋㅋ,2023-07-29,
좋은 시간 보냈어요외국인이 이지만직원분들이 귀엽고 다 친절해요!추천~,2023-08-12,
파이 맛집~,2024-01-19,
파이 대박 맛나요,2024-03-09,
가보고싶은 곳이었는데 역시 파이가 맛있더라고요! 친구랑 맛있는 파이 먹으면서 대화 나누기 딱 좋은 곳이에요✌🏻,2023-09-24,
케이크랑 파이 종류가 다양해서 좋아요손님들 항상 많은 인기카페..,2023-11-16,
소리가 엄청 울려서 머리 아파여,2024-03-15,
허니카모마일 생소한 메뉴라 맛이 예상 불가능했는데 먹자마자 합격… 어떻게 이런 메뉴를 생각해내시는건지 맛있어요🌼,2023-07-20,
다양한 파이가 있는 곳. 디저트 맛집이네요,2023-09-05,
언제나 사람 바글바글 ㅎㅎ신촌 디저트 맛집입니다직원분들 늘 친절하셔요!,2023-09-15,
이대역에 있는 악세사리집인데 영수증은 다른 데로 뜨네요 이제 업종 정리하시나봐요 양말도 1000원에 세일하시고 악세사리와 헤어제품도 세일하세요 이대전철역 안에 있어서 급하게 양말이나 소품살 때 요긴했어요,2023-08-09,
파이 맛집입니다. 제가 대학생때 부터 다니던 집이에요. 늦게가면 맛있는 파이가 금방 나가요.달콤한거 생각날때 꼭 들려서 먹는 집이에요.신촌의 명물이라고 생각합니다.^^,2023-07-29,
디저트 커피 다 멋있아요~,2023-11-14,
허니카모마일 파이 맛있어요! 파이가 맛있고 분위기가 좋아서 자주 방문하는 카페,2023-08-05,
신규때부터 좋아하던 카페... 여전히 너무 맛있는 얼그레이파이 ㅠㅠ 선물하기도 좋아서 품절되기 전에 달려갔었는데 저녁 방문인데도 아직 많이 남아있어서 오늘은 좀 럭키했습니다 ㅋㅋ,2023-07-17,
커피가 맛있었어요,2023-12-05,
역시 파이홀 맛있어요!오랜만에 먹었는데 더 맛이 깊어진 것 같네요,2023-11-06,
캐이크 메뉴 전부 도장깨기 해보고 싶어요 .. 오늘은 초콜릿 피칸파이 !!,2023-10-08,
파이가 정말 많아요!!! 다 먹어보고 싶어요ㅜㅜㅜㅜ,2023-11-04,
"신촌에 핫한 카페라고 해서 방문했는데, 음료가 정말 맛있었어요! 라벤더라떼는 정말 말그대로 라벤더가 들어가서 향이 좋았고, 진짜 레몬에이드는 정말 레몬이 들어가서 상큼 제대로더라고요!👍👍재방문의사 100입니다 ㅎㅎ",2023-10-01,
디저트 너무 맛집..와 너무 맛있어요..,2023-08-09,
주말 낮엔 시끄럽고 정신없고 사람 바글바글..맛은 쏘쏘,2024-03-03,
디저트가 맛있어요,2024-05-02,
정말 맛있습니다!!!,2023-11-24,
신촌에서 맛있는 파이 먹고 싶을때 방문하는 곳이예요,2023-11-29,
파이 많이 달지 않고 맛있어요!,2023-09-17,
와~ 사람 많아용 ㅎㅎ 주말이라 그런가 ㅎㅎ 조카들이랑 저까지 다섯명이 갔는데 간신히 앉았어요 ㅎㅎ 2인 자리 붙히고 의자하나 빌려왔어요.. 4인 테이블에 한분 두분 앉아계신분들이 많네요… 디저트도 맛있고 음료도 맛있었어요~ 1인 1음료에 먹어보고싶은 디저트도 많이 주문했더니 배가부르네요. 그래도 맛있었어요 ㅎㅎ 근데 자리잡기가 힘들어서 평일에 가야할지..;; 지난주에 갔는데 날짜인식이 이상하네요~,2023-09-01,
맛있었어요~ 2층도 있습니다,2023-09-23,
"우하.. 여기 파이도 맛있지만, 비스킷 미쳤네요!! 대존맛에요~ 고매비스킷 시키면 라즈베리쨈 주는데 이거 미친 존맛이에요!! 그리고 얼그레이초콘비스킷도 얼그레이크림이 찐이에요!! 우하!!저녁 늦게까지.. 비스킷이랑 파이가 많이 있어서.. 달달하게 먹고 가기 좋구 포장도 꼼꼼하게 잘 해주고.. 집에 갈때 꺼내 주신다고 맡아 주시기 까지!! 진짜 여기 가성비 너무 좋네요!! 또또 방문할께요~~^^",2023-05-28,
마카다미아 파이 맛있네요,2024-03-13,
친절합니다,2024-01-15,
가게는 아기자기하고 동화같이 귀여워요 근데 애플파이랑 커피 그냥그래용 사과필링이 질척여서 아쉬워요 크럼블은 맛있어용,2023-08-28,
파이랑 음료 모두 맛있는데 파이 크기가 너무 작아요...ㅠ,2023-10-02,
오 맛있음라벤더 라떼 강추,2023-09-18,
"처음 가 본 파이맛집 파이홀~!이미 친구들에게는 유명한 곳이었어요. 공휴일이었지만 사람이 무척 많았던 카페파이가 수제라 그런지 멋있었고, 제가 먹은 카페모카도 너무 쓰지 않고 달달 + 부드러워 파이와 잘 어울렸습니다. 맛있어요.👍",2023-05-05,
"과일, 초콜릿, 홍차, 오레오 등 모든 파이류의 재료가 풍성하고 모양도 가지각색 독특합니다!1층과 2층을 사용하는 카페라 넓고, 앉을 수 있는 테이블 많지만 그 만큼 손님들이 정말 많아요! 방문한 날이 특히 토요일 낮이어서 그런지 마침 나오시는 분들이 계셔서 간신히 앉을 수 있었습니다.2층 올라가는 야외에 그려진 시그니처 캐릭터가 귀여워요ㅎㅎ다만 2층에 물과 휴지가 구비되어 있지 않은 점과 손님들이 많고 테이블이 빽빽해서 조금은 소란스러운게 아쉽습니다..ㅠ오랜만에 만난 친구들과 떠들기에는 좋아요 ㅋㅋㅋ​청포도 요거트 파이는 크림치즈맛이 강하게 느껴지고 청포도알이 굉장히 커요 ㅎ말차가 진짜 진~하고 꾸덕해서 좋았습니다~!빵 부분이 얇고 크림이 두툼한 거 좋아하시는 디저트 러버들에게 강력추천💕",2023-04-29,
파이맛있어요 맨날먹고시픔😭,2023-11-12,
분위기가 정말 좋았어요:),2023-11-09,
제가 최근에 먹은 파이 중에 역대급으로 맛있어요ㅠ 그중에 레몬머랭이 진짜 대박이에요 상큼하면서도 적당히 달아서 맛있게 먹었어요! 종류가 정말 다양하던데 다음에는 다른 파이도 맛보러 가려구요😊 안에 인테리어도 귀염귀염해요!,2023-05-08,
사진 찍기 좋고 디저트가 맛있어요! 예전보다 훨씬 많이 변하긴 했는데 여전히 좋네요♥,2023-08-12,
타르트 존맛탱이에요💗분위기도 좋아요👍🏻,2023-08-29,
"✅️ 유명한 파이맛집이어서 자리가 거의 만석에 가깝더라구요. 방문하실 예정이시라면, 점심 먹고 바로 런하시는 걸 추천드립니다.✅️ 다양한 맛의 파이가 진열되어 있었으나 그 중 몇개만 담아왔는데, 세 개 다 성공해서 눈이 휘동그레졌달까요. 로투스파이,녹차파이,딸기파이 진짜 다 맛있어서 다른 맛도 먹어 보고 싶다는 생각이 절로 들더라구요. 진짜 재방문해서 다른 맛도 먹어보고 싶습니다. 공간 자체도 아기자기하게 예쁘게 꾸며져 있어 데이트하기에도 적합한 곳이라고 느껴졌습니다.",2023-05-05,
오레오말차 맛나요,2024-01-20,
파이 종류가 엄청 많고 다양하다. 에그타르트는 겉바속촉으로 느끼하지 않고 크리미한게 맛있었다. 커피도 산미가 강하지 않아서 고소한 커피 좋아하는 분들 추천!,2023-06-08,
오랜만에 방문하였는데 코로나 기간을 이겨내고가게가 확장하게되어 너무 잘된것 같아요맛도 여전히 정말 좋네요,2023-10-16,
저는 파이도 좋지만 비스킷이랑 스콘이더 맛있더라구요! 저 위에 쨈들이 정말 맛있어여!! 음료도 맛있고ㅡ 늦게까지 사람들도 많고 많은 사람들이 포장해갈만 해요!! 2층에도 자리 잇는거 첨 알았어여!,2023-07-11,
사람이 많음,2023-11-20,
소문대로 역시 케이크 너무 맛있네여~😋 다음에는 초코맛 먹어보고 싶어여~ㅎㅎ,2023-08-22,
일단 파이 종류가 다양해서 좋았고 인테리어가 너무 깨알같이 귀여웠어요친구생일이여서 초랑 불이 필요했는데귀여운 초 팔아서 다행이었고 성냥 주셔서 대만족,2023-08-25,
이번에 처음 가봤는데 파이 맛있더라구요! 직원분들도 친절하셨고 커피 디카페인 변경 가능해서 좋았어요☕️ 카공보다는 대화하기 좋은 분위기였어요 ◡̈,2023-07-14,
파이가 정말정말 맛있음 실패하지 않는 추천,2023-11-12,
케이크는 맛있는데 아메리카노는 넘 싱거워요화장실은 덥다,2023-08-08,
맛있어요♡,2023-12-13,
값은 비싸지만 정말 파이 맛있어요재료 신선시트지 엄청 얇고 과하지않은 재료의 신선함을 담은 파이,2023-10-06,
"장소가 아기자기해요! 종류들이 다양하고, 파이가 정말 맛있어요.",2023-07-03,
파이 맛있고 카페 너무 이뻐요~!,2023-07-02,
신촌의 파이 성지🍭맛몰랐는데 저 파이 안좋아 하는 줄 알았는데 좋아합니다들어간 크림이 모두 진합니다과일들어간 것 위주로 먹고 포장도 했는데과일퀄리티도 좋구요거트 크림도 꾸덕하면서 꽉 찬 느낌!!정말 클라스가 다른 느낌이에요🍭인테리어엔틱하며 빨간머리앤이 나올 것 같은 분위기도 약간 있어요🍭서비스 외 기타자리 먼저 맡으세요이 곳은 워낙 성지라서 늦게 알게되서 반성하네요신촌의 찐 맛집입니다,2023-02-12,
파이 너무 맛있어요~~,2023-10-15,
"커피, 디저트 분위기 말해뭐해👍",2023-08-14,
로투스카페오레파이 맛있습니당☕️,2023-08-19,
"파이가 진~~짜 꾸덕하더라구요! 칼로 써는데 들어가지도 않을 정도였어요 ㅋㅋㅋ ㅠㅠ 파이종류도 정말 다양하고, 커피도 그만큼 다양한게 좋았어요. 너무 달지 않게 맛있어서 더 좋았네용! 스콘도 포장해왔는데, 가볍지 않고 밀도 높아 꾸덕한 식감이라 넘 맛있었고 같이 주신 잼이랑 같이 먹으니까 진짜 대존맛♥️ 가까우면 자주 갈텐데 멀어서 그러지 못하는게 너무 아쉬워요ㅠㅠ",2023-06-04,
❣️,2023-11-18,
파이 너무 맛있었어요 커피두 맛있구 다음에 또 가서 파이먹고싶어용 2층 자리 많아서 좋아요!,2023-06-03,
예쁜것 많아여~~,2023-09-05,
스콘도 파이도 맛있어요,2023-09-19,
되게 예쁜 카페였어요~,2023-11-05,
선물용으로도 좋아요,2023-09-10,
포장박스까지 귀여운 파이홀,2023-07-27,
펌킨파이랑 라즈베리 파이 샀는데 너무 맛있었어요!,2023-06-17,
"사람이 엄~~~청 많아서 처음엔 정신이 없었는데 먹어보자마자 많을만 했다...^^~ 싶었어요파이 스콘 모두 맛있었고, 특히 코코넛 파이는 파이가 진짜 얇아서 크림 가득 먹는거 좋아하시면 추천합니다!! 아 다만 스콘은 포크로 먹으면 다 아작나서 손으로 집어드시길...",2023-03-21,
예쁘게 담아 주셨으나 집에 오니 크림이 무너져서  ㅠㅠ.맛이야 좋지요 ~~~,2023-10-06,
파이 너무 맛있고 친절하셔서 좋아요,2023-07-30,
파이홀은 진짜 언제나 가도 질리지않는 맛있는 디저트 종류 너무 많아서 좋아요!! 행복해요!,2023-08-12,
기대 이상으로 너무 맛나요!!,2023-10-22,
주말엔 사람이 진짜 많아요 근데 파이가 존맛이라 평일에 다시 방문하고 싶음 !!,2023-07-09,
타르트 스콘 음료 다 맛있어요!,2023-07-17,
너무 맛있는 파이홀❤️,2023-09-22,
🥧🍫🍪☕️,2023-09-24,
맛있어요!!,2023-09-26,
맛있어요.ㅎ,2023-11-11,
파이가 비싸지만 맛있어여,2023-08-19,
디저트종류가많고 맛있어요,2023-09-21,
명불허전..! 파이 종류가 다양해요,2023-07-05,
제 최애 파이집이에요 제 기준 매장에서 먹는게 젤 맛있어요! 담달에 먹으면 그맛이 안나서ㅠㅠ 포장하고 집에서 바로 먹눈게 그담으로 맛있어요 근데 블루베리파이는 발뮤다나 오븐에 데워먹으니까 따뜻해서 훨씬 맛있더라구요ㅎㅎ,2023-06-13,
분위기가 좋네요,2023-12-05,
역시 존맛입니다~ 직원분들 친절해요 !!,2023-05-17,
파이 4종류 스콘 4종류 먹었는데 모두 맛있었어요. 무엇보다 직원분들 정말 친절하시고 포장할 때 귀여운 캐릭터까지 그려주셨네요 사진이라도 찍을걸... 또 갈게요💕,2023-08-09,
"평일 낮에 방문했는데 사람 많더라구요ㄷㄷ 자리잡고 주문하길 추천!일단 파이지가 정말 얇아서 좋더라구요👍밀가루맛 1도 안나고 재료맛만 느껴져서 정말 맛있었어요! 레몬머랭이랑 가나슈얼그레이 먹었는데 레몬+초코 조합 말모말모💕(그치만 머랭은 쫌 비렸어요ㅜㅜ) 그래도 완전 파이맛집입니다🥧 아, 커피는 좀 연했구 타이라임티는 신선한 풀맛이나서 특이했어요ㅋㅋㅋ",2023-03-10,
파이홀 2층 있는 거 저만 몰랐나요ㅠㅠ1층은 좀 좁고 사람많아서 항상 파이만 포장해서 가는 곳이었는데 2층 넘나 아늑 파이 맛있는거야 말하기 입아픔🤭,2023-06-07,
파이 종류가 많았는데 이제 클래식한 격자무늬 애플파이는 잘 안하시나봐요ㅠ,2023-07-28,
신촌에 이런 곳이 있을 줄은. 자주 방문할 것 같습니다.,2023-05-20,
매장 안에서 담배냄새가 일시적으로 났던 것 빼고 다 좋았습니다!! 너무 맛있어요~~,2023-04-22,
ㄱㅜㅅ,2023-10-23,
과일 올라간 타르트가 맛있었어요. 대학교 다닐 때는 조그만 곳에 있었는데 큰곳으로 이전했네요. 사장님 성공하셨네요. 부러워요.,2023-07-01,
파이들 다 맛있어요,2023-08-18,
.,2023-11-07,
라벤더라떼!?? 라벤더 덕후라 시켰는데.. 음 특이해요 라벤더는 향으로만 맡는걸로 ㅎㅎ😅,2023-05-27,
얼그레이 가나슈는 괜찮은데 바노피가 달아요 아무래도 카라멜때문인지.. 그리고 커피맛이 좀 아쉬웠습니다,2023-06-30,
파이도 너무 맛있고 인테리어도 대박이네용,2023-07-25,
분위기좋고 특별해요파이맛있고 커피도 음료도 맛있어요신촌약속은 꼭 여기서해요,2023-04-22,
케잌 맛집입니다!쿠키랑 스콘도 맛있어보여요,2023-05-06,
"우연히 알게 됐는데 신촌에선 이미 유명한 곳이더라구요- 2012년부터 있었다는데 두번째 방문이지만 방문할 때마다 만석으로 북적이네요! 테이크아웃만 해왔는데 파이 종류가 다양해서 하나씩 맛보기만 해도 오래 걸릴 것 같습니다 :) 쿠키와 타르트, 다양한 음료도 판매하고 있어서 선택할 수 있는 옵션이 많아 좋습니다ㅎ",2023-02-10,
디저트가 맛있어요!,2023-08-18,
명성(?)에 비해 쏘쏘,2023-07-19,
여기 복숭아 파이 미쳣어~ 치즈케이크베이스에.. 토핑..굳..크림치즈까지,2023-07-27,
아기자기하고 귀여워요! 바노피파이 먹었는데 담엔 레몬머랭파이 먹고싶어요~~,2023-04-16,
파이 종류별로 다 맛있어요♥️♥️,2023-07-24,
기분 다운되서 당 땡길때 좋아요,2023-07-12,
사람이 너무 많아서 3번만에 성공ㅠ디저트 맛있어요,2023-07-09,
너무 맛나요~!!!!,2023-09-10,
"뭘 골라야 할지 고민될 만큼 다양한 파이가 있었는데 그 중 색깔 예쁜 레몬 머랭 파이를 먹어 보았습니다. 상큼한 머랭이 입에서 슬~ 녹아 버려요. 함께 마신 로네펠트 로얄 밀크티는 밀크티 전문 카페라 해도 될 만큼 좋았어요. 홍차의 씁쓸한 맛이 느껴지면서, 많이 달지 않은 제가 딱 좋아하는 밀크티였답니다.",2023-01-18,
머랭레몬파이? 이게 정말 맛있었어요 ~!신거 잘 못드시는 분들께는 비추이지만 제 입맛엔 잘 맞았어요,2023-05-14,
여기가 바로 수제 파이 맛집?파이 넘 맛있엇어요다른 파이들도 다 도장 깨기 하고 시퍼요근데 사람 너~~무 많어요 대박임왜 다들 나 빼고 먹으러 왓던 것임담에 또 이쪽으로 놀러오면 또 올 거 같아용아아 얼음은 다 갈아져서 나와서 좀만 먹엇더니 없어졋서요 순삭이에요 냠냠,2023-01-28,
케잌도 쿠키도 넘맛나서 또 먹 고싶어요!^-^,2023-05-31,
신촌역에 몇없는 맛있는 디저트 카페에요 굿굿,2023-07-01,
펌킨파이 단호박보단 그 주황색 호박 맛이라 호불호 갈릴거같은데 저는 좋아요,2023-06-17,
신촌에서 디져트 카페가면 거의 항상 가는곳!파이들이 꾸덕해서 넘 맛있고 특이한 것두 기대 안했는데 맛있음그래도 최애는 클래식한 말차랑 얼그레이ㅣㅣ,2023-03-10,
먹다가 급히 사진 찍게 됐는데 평소에 사과들어간 디저트를 좋아해서 먹어봤는데 애플크럼블 맛있어요. 달달하고 위에 크럼블 바삭하고 파이지는 많이 안달고 딱 조화가 좋았던것 같아요. 사과필링이 많이 들어가있어서 조금 달았는데 커피랑 다른 음료랑 먹으면 진짜 맛있어요.,2023-03-16,
맛있었어요!,2023-08-14,
사랑스러운 울 학과 후배동생이랑 카페 데이투했습니당ㅎㅎ 동생이 바질스콘이 따뜻하다며 넘 좋아했어요 !! 다음에 동기들 데리고 또 가보려구요 ㅎㅎ 좋은 시간 보냈어요>_<,2023-03-07,
유명한 파이집이라고 해서 포장해와서 먹어봤는데 이유가 있었네요.단맛이 과하지 않으면서도 입안에 재료마다의 향이 샥 퍼지는게 넘 맛있었어요.담엔 다른 맛도 먹어봐야겠어요,2023-02-12,
예쁜데 맛도 있어요 :) 복숭아요거트파이가 제일 맛있었어욤,2023-07-23,
회사 동료분이 사오신 스콘 먹고 너무 맛있어서 방문했어요! 얼그레이스콘에 스프레드 발라 먹은 게 맛있어서 갔는데 제가 갔을 땐 없었어요ㅠ 그래서 버터갈릭스콘 먹었는데 이것도 넘넘 맛있었어요! 에그파이도 까눌레 비슷한 맛으로 진짜 맛있어요😋 급하게 빨리빨리 포장해서 나오느라 메뉴를 제대로 확인을 안 한 게 아쉽네요ㅜ 다음에 다시 가려구욯ㅎ,2023-01-19,
분위기 좋고 음료 맛있어요~^^,2023-06-27,
하핫,2023-08-28,
파이홀 바노피 진짜 너무 맛있어요 이거 꼭 드세요,2023-06-23,
파이가 여기서 먹어본건 처음인데요맛있고 얼그레이가나슈가 아주맛있었어요.오레오말차가나슈도 강추입니다사람들이 많아서 대화 소리가 잘 안들리지만맛을 포기 할 순 없죠^^,2023-04-30,
인테리어도 예쁘고 디저트도 맛있어요 ㅎㅎ 안쪽 계단 타고 올라가면 2층 좌석도 있어요. 인기가 많아서 못 가보다가 운이 좋게 처음 먹어봤는데 너무 좋았어요. 모든 커피는 디카페인으로 변경 가능.,2023-04-12,
자리도 많고 파이도 맛있음스콘도 맛있음,2023-06-21,
여기 맛있어요 디저트 굿굿,2023-06-18,
파이 좋아하는 사람에겐 천국버터냄새가 가득하고 아늑한 인테리어가 잘 어울린다생각보다 자리가 많은데 그 자리가 다 찰정도로 인기가 많다,2023-02-24,
신촌 유명 맛집인 이유가 있네요!,2023-07-20,
레몬머랭 너무 셔서 눈이 절로 감기는 맛이예요~신거 별로 안좋아하시는 분들은 참고해주세요!!아이스는 500원씩 추가지만 그래도 컵은 커서 만족합니다~,2023-02-16,
아기자기하고 예쁜 분위기에 반해서 자리가 부디 있길 바라며 갔는데 다행히 있었어요. ㅎㅎ 시간이 지날수록 만석이라 늦게 가면 못 앉을 수도..커피 맛은 아쉬웠지만 (바닐라라떼!) 친절하시구 꾸덕브라우니랑 맛있어서 아주 잘 머물다 왔습니당 🫶🏻,2023-01-24,
괜찮았어용,2023-09-06,
파이 맛임ㅅ어ㅜㅜㅜ,2023-09-05,
이제부터 신촌오면 무조건 여기..다음에는 말차랑 초코맛 먹을 예정파이류 안좋아하는데 여긴 미쳐버림..❣️,2023-05-01,
피칸파이…The love…🫶🏻맛있어요 ㅜㅜ저 파이를 제일 좋아하지만 담에는 다른 파이 먹으러 또 갈게요!저는 간 김에 선물 하려고 샀는데 포장도 예뻐요!,2023-04-01,
맛있어욤!! 그리고 카페 너무 이뿌고 디저트가맛잇어욤 2개 순삭,2023-06-01,
사람 많아요,2023-08-12,
파이가 맛있어요,2023-07-06,
"파이가 제가 고른 코코넛 크림파이는 하나도 달지 않았어요! 코코넛 특유의 비린맛도 많이 안 나고 맛있지만 다음엔 다른 파이를 먹어보려고 해요. 파이 종류가 다양해서 특정 파이가 아닌 다 다른 파이를 주문하는 손님들 모습이 재밌었어요. 음료가 맛있는 편은 아니였어요. 그리고 공간자체가 주는 아기자기함 때문에 여성 손님들이 많을 줄 알았는데, 의외로 남자 손님들이 상당해서 신기했어요. 추천합니다! 화요일 오후 4시 반쯤 왔는데도 2층까지 자리가 거의 차 있었어요",2023-02-21,
"정말 오랜만에 방문한 파이홀~~ 짝꿍을 통해 알게되어 처음 방문했던게 거의 3년 전인데 제가 좋아하는 말차 파이가 있어 오게 되었었어요 ㅎ아주아주 꾸덕하고 단 맛이 강하기보다 말차의 진함이 느껴지는 파이라 감탄하며 먹었었는데, 오랜만에 방문해도 여전한 파이맛에 기분이 좋아집니다💚초코도 좋아해서 짝꿍이랑 오랜만에 방문한김에 얼그레이 가나슈도 구매했어요! 얼그레이 크림이 향긋하면서 크게 달지 않아 좋아요~ 가나슈는 달달해서 커피 드시는 분들이 함께 드시기 좋을 듯 합니다~.말차 맛이 강해서 저는 가나슈 먼저 먹고 오레오말차를 먹었어요! 꾸덕해서 포만감도 드는 간식입니당! 재방문해서는 다른 것도 도전하려구요!~",2023-01-07,
메이플 피칸파이를 먹었습니다~!메이플의 달달한 맛과 달달하면서 짭짤한 크림치즈의 맛이정말 잘어울립니다! 특히 위에올려져있는 피칸과 함께 먹으면 정말 맛있습니다♥️ 하지만 혼자서 저 파이를 다먹다보면 마지막에 달달한 맛이 강하게 느껴집니다! 파이는 쫀득 꾸덕하고 크림은 약간 밀도있는 부드러운 크림입니다. 친구들이 펌킨파이랑 치즈케이크도 먹어서 맛봤는데 펌킨파이도 맛있었습니다! 뭔가 쑥맛도 났습니다. 치즈케이크도 맛있었습니다. 매장은 1층 2층으로 나뉘어져 있는데 2층이 더 넓습니다! 맛있어서 그런지 사람이 굉장히 많습니다♥️ 디저트 메뉴가 정말 많았는데 다음엔 고메버터 스콘과 블루베리 파이에 아이스크림을 추가해서 꼭 먹어보고 싶네요♥️,2023-02-20,
공간도 아기자기하고 무엇보다 파이가 너무 맛있어서 또 포장도 해왔어요! 커피는 무난했습니당 인테리어도 너무이쁘고 은근 자리는 넓은데 솔직히 좀 시끄러워요…ㅋㅋㅋㅋㅋ 대화하고 나오니까 목이 아플정도더라구요 ㅋㅋㅋㅋㅋ 디저트는 진짜 맛있었습니다,2023-03-01,
지금잡은 파이....나에게 주게.....,2023-03-26,
"학생 때부터 알던 곳으로, 최근에 갔을 때 2층까지 매장을 확장하셨더라구요!!! 축하드리며 ㅎㅎ 여전히 파이는 정말 너무 맛있었습니당😍😍😍 저는 오레오말차에 아아 조합 정말 좋아하는데 남자친구는 바나나 캬라멜 타르트!?? 좋아하더라구요 저한테는 달았지만! 그래도 맛있었어용🎂🍰🧁",2023-01-05,
다음에도 방문할거 같아요.,2023-07-08,
가나슈쪽이 제일 맛난거 같아요 다른 타르트도 기본은 하고 저녁에 가도 꽤 종류가 많아서 가기좋아요,2023-04-09,
사람 항상 많음맛잇어요,2023-07-05,
파이랑 스콘류 별로 안 좋아하는데 여기서 먹은 건 너무 맛있었어요 가족들한테도 맛보여주고 싶어서 파이 2개 포장해가요~~,2023-06-21,
인생 파이집 찾았어요👍🏻 또갈거에오,2023-04-29,
디저트 좋아하는분들은 꼭가보세요 파이는 당연하고 스콘.에그타르트 다 맛나요..디저트에 아메리카노면 그날의 스트레스 극복!,2023-03-15,
맛있어요 ㅎㅎ 저 스콘? 이 맛있어용 ㅎㅎㅎㅎ,2023-04-18,
코코넛크림 파이 먹었는데 맛이 애매해요무슨 맛인지 잘 모르겠고 사람은 진짜 많은데 왜 유명한지 잘 모르겠네요..,2023-05-01,
파이홀 중독,2023-09-03,
"10년째 단골 디저트집 !언제 가도 맛있고, 가끔씩 새로운 메뉴가 생겨서 또 먹어보는 재미가 있네용 🥰",2023-05-16,
이 정도로 레몬맛 많이 나는 레몬타르트를 서울에서 먹기 힘들어요,2023-05-10,
파이가 너무 맛있어요  카페 분위기도 좋아요담에 또 갈꺼임 ㅎ,2023-03-10,
얼그레이 크림이 덜녹아서 사각사각거렸지만..맛있었구 인테리어도 좋네요 ~,2023-04-09,
디저트도 맛있고 인테리어가 너무 이뻐요~,2023-06-04,
완벽한 파이에요진실된 크림맛에 가나슈의 꾸덕함...날개가없어도 하늘을 나는 맛이에요너무맛있어요 미쳤어요  진짜 미쳤어요 사랑해요,2023-03-22,
디저트가 진짜 맛있어요,2023-05-24,
파이도 맛있고 보기도 예쁘고 음료도 맛있어요,2023-03-05,
매장 인테리어가 너무 귀엽고 레몬 파이 빵부분이 너무 맛없어요 탄 맛만 남.. 스콘은 안쪽부분 따뜻하고 포슬하니 괜찮았어용 ㅎㅎ,2023-04-03,
"말할 것도 없는 맛집입니다,, 친구 면접 응원 선물 겸 방문했어요",2023-05-31,
믿고 먹는 파이홀얼그레이가나슈 여전히 넘 맛잇어욭,2023-08-15,
"🙆‍♂️10시까지 영업하고(늦게까지 운영) 어떤 파이를 먹어도 맛있음. 가게 내부 인테리어를 보는 맛도 있고 2층도 자리있음!🙅‍♂️다만 가격이 좀 사악하니 월급날 가시길...6,800원",2023-02-04,
메이플 피칸 크림 존맛탱 꼭 드세요!! 레몬머랭이랑 미시시피 머드 초코 파이도 다 맛있었어요! 다만 주말에 가니 사람이 너무 많아서 좌석이 없는거 빼곤 괜찮아요,2023-02-04,
분위기도 너무 이쁘고 파이 미쳐요!!입에서 녹아요 ㅠㅠ헝헝 맛집 !!,2023-07-10,
"테이크아웃해서 먹었어요! 느끼하지 않은 크림맛, 바삭한 파이지의 조합이 맘에 듭니다. 크림을 별로 안 좋아하는 편인데도 맛있게 먹을 수 있을 정도로 맛이 조화로워요.",2023-02-28,
파이 예쁘고 맛있어여! 사과 홍차(?) 이건 좀 밍밍한데 파이가 달아서 같이 먹기엔 괜찮아오,2023-02-11,
미시시피머드초코타르트 진짜 맛있어요!,2023-04-14,
항상 맛 있어요!,2023-05-16,
파이 마시써용!!😛,2023-06-13,
바삭+쫀득한 반죽이예요. 파이만 먹었었는데 쿠키도 괜찮네요.,2023-04-13,
"파이홀 확장하고 처음왔는데 뒤쪽으로 나가면 2층 외부로 통하는 문이 생겼어요! 2층 너무 아기자기 크리스마스 분위기나게 예쁘게 꾸며져있고 많이 넓어져서 좋아졌네용 과일 타르트 6,800원 정도이고 아메리카노 핫(3,500) 아이스(4,000)으로 음료도 저렴한 편인데 커피 진하고 괜찮았어요! 과일타르트는 진짜 과일이 싱싱하더라구요!! 강추!",2022-12-01,
커피는 단 디저트와 먹기 딱 좋은 고소한정도의평타 라임티가 의외로 맛있었어요미시시피머드파이는 생각보다 그냥 너무 촉초코라 헛웃음났는데ㅋㅋㅋ 저와 친구는 다른 파이가 더 취향인 걸로! 말차오레오도 맛있고 얼그레이도 맛있어요 무화과 못먹어봐서 가을까지 또 존버예정,2023-02-07,
"신촌에서 가장 유명한 디저트 카페죠,,,여기는 커피는 무난하구,파이 중에서 꼭 꾸덕해보이시는 걸 드셔야 합니다!!! 저 말차초코처럼요!!!!😀😃😀😃😄😁",2023-01-15,
"꼭 가보고 싶었는데 드디어 방문했네요!! 인테리어가 감각적이고 파이, 커피 다 맛있었습니당얼그레이초코가 다른 파이들이랑 다르게 생지가 타르트 느낌? 이었는데 바삭하고 맛있었어요🥧",2023-01-28,
근처 병원왔다 딸이랑 들른곳인데아기자기 너무 예쁘네요~^^딸기파이도 깔끔한 맛이에요,2023-03-09,
친구가 연대생이라 지나가다 소개 시켜줘서 들렸어요. 원래 연대앞에 있던 곳인데 잘되서 크게 이쪽으로 옮긴거라하더라고요. 2층까지 있어요. 종류도 많고 이뻐요. 아쉬운건 냉동여부 물었더니 상온 2시간 안내멘트만 하시고 표정이 딱 굳으시는데… 모르시면 그냥 모른다 하시지ㅜㅜ맛있게 먹고 이차 포장해서 기분 좋았다가 다운되네요. 직원분 응대 메뉴얼 교육 해주셔요 ㅎㅎ,2022-11-30,
"토요일 늦은 오후였는데도 자리가 없을 정도로 인기있는 가게. 왜 핫플인지 알겠는 파이 맛! 기다렸다 먹어보길 잘했어요. 특히 레몬머랭은 꾸덕하고 상큼한 레몬 필링에 탱글하고 부드러운 머랭 조합이 아주 좋았구요. 개인적으로 파이껍질 잘 안먹는데, 페스츄리처럼 바삭하고 고소해서 맛있게 먹었어요. 커피는 쏘쏘. 기회되면 다른 파이들 먹으러 다시 가고 싶어요.",2023-01-28,
👍,2023-08-20,
파이 진짜 맛있어요,2023-05-11,
ㅎㅅ*700 = 490000,2023-07-15,
"다른 곳보다 가격도 적당하고 맛있는 파이가 있어요! 특히 요즘 커피값 비싼데 이런 핫플레이스에서 합리적인 가격의 커피를 마실 수 있어서 좋았습니다. 2층도 있고, 은근 넓은 듯 합니다! 올라가는 계단도 부실하지 않아서 만족스러웠어요.",2022-12-08,
파이와 스콘이 좋네요,2023-07-11,
디저트도 맛있었고인테리어도 예뻤어요!~,2023-03-31,
"아주 맛있는 파이, 손님도 항상 많아요",2023-06-10,
가게 분위기도 좋고 맛있어요ㅠㅠ사람 진짜많아요,2023-02-24,
"정말 맛있는 디저트가 확땅겨서, 오고싶어서 저장해놓았던 파이홀이 가까운걸 보고 오게됬어요!파이는 테이크아웃 해가시는 분들도 많더라구요~ 매장이 넓은데도 불구하고 사람이 꽉차있어서 주말에는 매장이용 목적이면 못 올거 같다는 생각이 들었어요🥲 ✔️ 분위기 : 인테리어가 전부 깜찍하고, 파이를 주제로한 디테일 인테리어들이 많아서 보는 재미가 있어요~ 컨셉에 충실하고, 따뜻한 분위기라 사람을 많이 탈거 같지 않아요!🎄✔️ 맛 : 파이는 직접 만드는게 보이고, 종류도 엄청 다양하고 예뻐서 보는 재미도 있어요! 맛도 놀랄정도는 아니지만, 파이가 먹고 싶을때 생각날거 같아요~!✔️가격 : 파이는 먹어볼만한 가격이지만, 음료는 기본 음료인데도 불구하고 맛과 양 등등을 생각하면 비싼편에 속하는거 같아요!",2022-12-15,
친구가 먼저 디저트 시켜놔서 결제에는 없지만 파이 ㄱㅊ했고 메뉴가 다양해서 다음에는 다른거 먹어보고 싶어요,2023-05-24,
"샤인머스켓요거트파이, 고메비스킷, 아아, 아이스크림라떼 먹었어요!!아이스크림 너무 맛있더라구요!!평일 저녁인데도 사람 꽉 차있고, 솔드아웃 메뉴들도 있더라구요!! 맛집 인정",2023-02-22,
너무맛있어용,2023-05-03,
"매장 넘 아기자기하고 이뿌요😍포장해 집에서 먹었뉸데,타르트지가 좀 탄맛이 나더라구요ㅠㅠ 그래도 위에있는 크림이 넘 존맛탱이라다먹었어요ㅋ 얼그레이가나슈타르트가그 중 최고였습니다👍👍 사장님도 너무 친절하시고ㅠ 번창하시길🙏",2022-11-13,
다양한 파이가 있어 좋네요조금 덜 달아도 맛있을거 같아요,2023-03-26,
어릴 때 미국드라마에서 주인공들이 코코넛크림파이에 열광하는 모습을 보고 참 궁금했는데... 드디어 먹어봤어요! 아아랑 너무 잘 어울리고 맛있었습니다💛❤️,2023-01-15,
플레팅도 예쁘고 맛있어요 무엇보다 직접 만드는 거 같아서 좋았어요,2023-02-14,
파이홀 정말 오랜만에 갔는데이층이 생겼네요매장이 더 넓어졌는데도빈자리 찾기 힘들었어요디저트 하나하나 변함 없이 참 맛있어요신촌 최고 디저트 카페💕,2023-02-25,
파이가 대체로 다 맛있는데 기대안했던 에그파이가 특히 맛있었어요!,2023-05-01,
분위기 좋고~ 다만 위에 조명이 바뀌면 좋겠어요!,2023-04-30,
생각한 것과는 조금 다른 맛이에요!,2023-05-01,
"매번 얼그레이가나슈만 먹다가 오늘 새로운 파이들 도전해봤습니다. 피스타치오베리, 코코넛크림 전부 맛있네요.. 다른 파이 먹으러 또 방문할게요!!!",2022-12-31,
가격이 비싸지만 맛 괜찮아요,2023-05-12,
아아랑 바나나치즈파이를 시켰는데 바나나치즈 속 크림 해동이 덜 됐는지 차가웠어요..ㅠㅠ 그래서 맛도 잘 안나서 시간 지나고 어느정도 해동되니 괜찮더라구요!,2023-01-13,
파이들 예쁘고 맛있어요!,2023-04-12,
ㄹㅈㄷ,2023-06-29,
파이 종류가 다양하고 맛도 있어요. 매장도 장 꾸며져 있어 머물기 좋아요.,2023-03-20,
레몬머랭파이 맛있어요 다른데 잘 없는 메뉴,2023-03-28,
파이가 아주 맛나요,2023-07-17,
파이홀,2023-06-28,
가격은 좀 비싸지만 참 맛있어요,2023-05-27,
파이 너무너무 맛있어요 홀에 자리 없을 때가 많아요,2023-05-27,
매번 얼그레이가나슈만 먹다가초코 말고 다른게땡겨서 먹음!존맛!,2023-05-01,
"사람이 많다고 들었는데, 주말 오후에 갔는데 다행히 자리가 있어서 바로 이용가능했어요. 미시시피는 너무 달았지만 피칸크림은 맛있었어요",2023-04-23,
"선물용으로 포장구매했어요. 파이 갯수별로 상자가 있고, 직원분들 모두 친절하셔서 좋아요. 어른들이 피스타치오우유를 좋아하셨어요.",2023-03-20,
좋다!,2023-06-24,
자주 방문하는데 바쁘셔서인지 직원분들께서 친절하지는 않으세요..! 파이는 무난하게 맛있는 편이에요 개인적으로 피스타치오 들어간 파이류 추천합니다♡,2022-12-14,
파이가 맛있습니다2층은 너무 좁고 정신 없어요.. 대화도 안들려요1층은 조용하니 괜찮더라구요다시오면 1층 가거나 매장은 안 쓰고 포장만 할듯,2023-02-24,
파이 맛있는데 사람도 겁나 많아여..!ㅋㅋ 딥 초코라떼는 그저 그래용ㅠ,2023-04-22,
말차오레오가나슈 왕꾸덕 개존맛,2023-05-25,
🥧레드빈말차 파이 6500원🥧🥧아이스 아메리카노 4500원🥧레드빈말차맛 완전 할매입맛 저격이구ㅠㅠ 아아랑 같이 먹으니깐 더 맛있네요. 매장도 2층까지있어서 넓은편이고 파이종류도 다양해서 다음에는 다른파이 먹어보구 싶음ㅎ,2023-03-28,
나만 알고 싶은 타르트파이 맛집인데 이미 너무 유명한 파이홀❣️말차 좋아하시는 분 오레오말차가나슈파이 강추입니다ㅏㅏㅏ,2023-03-01,
맛있네여. 매장 환기가 필요할거같네여,2023-03-17,
손님이 끊임없이 오더라구요. 라임스윗민트(6800)와 피스타치오우유(6800) 먹었는데 제 입맛에는 의외로 치스타치오가 더 맛있었어요ㅎㅎ라임민트가 상큼하니 좋을 것 같아서 제가 시켰는데 오히려 피스타치오를 더 먹었네요ㅎㅎㅎ종류가 많아서 기호에 맞게 시킬 수 있어 좋았어요. 아쉬운점은 주말에는 사람이 너무 많아 가게 특히 1층이 복작복작한 것과 계속 있다보면 추워서 손발이 좀 시렵더라구요ㅠㅠ 뭐 이건 부수적인거니까 디저트만 보고 가신다면 만족하실 것 같아요😊,2022-10-29,
진짜 맛있어요,2023-05-15,
머드파이는 찐~한 초코가 땡길 때 추천해요. 얼그레이가나슈도 파이지 위가 다 초코라 꽤 진해요. 제품명과 모양으로 맛이 예상되서 좋아요.,2023-03-14,
예쁜 파이들이 많고 인테리어도 예뻐요. 노래는 없는 것 같고 크게 시끄럽지 않은 분위기에요. 사람이 많아서 카공하는 분위기는 아닙니다,2023-02-03,
다음엔 바노피 홀케잌 먹을것임,2023-03-18,
애플 크럼블파이 정말 맛있구요레몬에이드도 상큼하니 좋습니다매장도 넓고 만족스럽습니다!,2023-02-20,
7시 되기 전에 갔는데 파이 종류가 많이 안남아있었어요 맛 괜찮았는데 사람이 많아서 그런가 시끄러운 편이에요,2023-03-14,
맛집 잘 아는 지인이 단골이라고 해서 방문했는데 맛있었고 재방문하고 싶어요. 흑임자크럼블은 맛있는데 안에 무화과가 들어있다는 걸 안내받지 못해서 먹다가 놀랐어요. 그래도 무화과를 좋아해서 잘 먹었습니다.,2023-02-07,
맛있어요!! 🎃파이가 궁금해요,2023-03-11,
평일 낮12시 조금전에 방문하니저희까지 세 테이블 있었구요애플생크림스콘은생크림이랑 애플잼을 따로주셔서 전 더 좋았구용스콘은 데워주시는데 겉바속촉은아니고그냥 말랑?그런 식감이구용얼그레이가나슈는 생초코에 얼그레이크림 먹는거같았어요~요건 달아서 단거 좋아하시면 좋을것같아요~꾸덕하다는 리뷰가 많았는데 전 생초코 먹는거같았어요~!!음료는 1인1음료 필수가 아니라 좋았구요디카페인 가능해서 좋네요^^,2022-09-27,
술집 못지않은 시끄러움인테리어는 정말 예쁜데... 사람이 너무 많아서다시 가고싶진 않네요,2023-03-10,
파이에 진심인 맛집입니다. 재료를 아끼지 않고 애정을 듬뿍 담아 만드시는 게 느껴져서 감사한 마음으로 맛있게 먹고 있어요. 계절에 따라 파이 종류도 계속 바뀌어서 어떤 게 준비되어 있을까 기대하며 즐겨 찾게 되네요~,2023-02-03,
맛있고 멋있고~,2023-06-09,
파이 종류도 많고 꾸덕하고 맛있어요 커피도 무난하니 맛있었어요 그리고 인테리어가 예뻐요,2022-12-29,
너무 달아요,2023-05-21,
언제나 사람이 많아요. 화장실이 공용이라 불편하네요.,2023-03-18,
예쁘고 맛있었어요!! 하지만 포장이 튼튼하게는 안돼서 집에오니ㅜㅜ 비가와서 좀 더 주의안하고 가져온 제 잘못이죠ㅠㅠ 근데 맛은 진짜 대박이었어요ㅠㅠ,2022-11-28,
언제 와도 좋은 신촌 파이홀,2023-02-25,
디저트가 정말 맛있어요!!,2023-03-29,
"사진을 못찍어서 아쉬울만큼 케이크,파이 쇼케이스가 너무 이뻐요. 가게 들어가자마자 맛있는 냄새에 반하고 비주얼에 두번 반합니다.  가격이 좀 나가지만 파이 맛집 찾기도 힘들고 맛있어서 취향에 맞는 분들은 좋아할거 같아요!",2023-02-01,
매장에는 자리가 없어서 테이크아웃했어요~파이 크기가 생각보다 작어요 그래도 맛있어서 가끔 사먹으러갈거같아요로투스랑 얼그레이가나슈 스콘샀는데 얼그레이가나슈가 제 취향이었어요!,2022-11-05,
파이 진짜 개존맛이에여ㅠㅠㅠㅠ 맛있어보이는거 너무 많아서 고르는것도 어려워서 이따 집 갈때 더 사가려구여... 에이드도 맛있고 커피도 맛있고 그냥 다 맛있어요ㅠㅠㅠㅠ 아참 2층도 있습니다!! 엄청 넓어요!!,2023-01-23,
맛있고 파이 조아용,2023-04-03,
오랜만에 갔는데 더 맛있어졌어요...매장도 이층이 생겨서 자리도 많아져서 좋아요말차오레오는 말차맛 진하고 많이 안달아요! 꾸덕해서 커피랑 찰떡입니다🥹🥹,2022-11-30,
"신촌 터줏대감 파이집이에요! 오늘은 얼그레이 가나슈랑 고소딸기 먹어봤어요! 얼그레이 가나슈는 오랜 시간 대표 메뉴인 파이인데, 역시 맛있네요 추천합니다 ㅎㅎ 고소딸기는 딸기잼이 좀 들어가서 약간 크라운산도랑 맛이 비슷하게 느껴졌어요! 그래서 조금 아쉬웠습니다ㅠㅠ 그치만 잘 먹었어요! 신촌역 근처에서 디저트 먹을 일 있을 때, 방문해도 괜찮은 것같아요!",2023-01-28,
스콘 맛남!같이 넣어주시는 쨈 정말맛있음!,2023-02-25,
여전히 맛있네요 촉촉 그자체!,2023-02-25,
찐 파이맛집이에요!!ㅎㅎ신촌왔다가 들리게 되었는데인테리어도 아기자기하고파이랑 디저트 종류가 다양해요!!레몬머랭파이 상큼하고 정말 맛있어요.,2022-11-03,
12월 메뉴였던 크랜베리유자 6500원,2023-05-04,
파이 넘 다양하고 맛나보여요 ~,2023-02-25,
"<두번째 방문 후기> 이번에는 매장에서 바나나치즈랑 커피 먹었어요!2층은 처음 가봤는데 넓고, 이쁘고 아늑하니 좋았어요. 은근 자리 많아서 매장 내 취식하기 좋았구요. 다만 초파리가 자꾸 달라붙어서 케익 1/2 이상 못먹구 반납 ㅜㅜ 여튼 역시 맛은 최고!!(제 입맛에는요) 얼그레이 가나슈,로투스카페오레 파이랑 헤이즐넛 초코쿠키는 포장해왔어요.얼그레이 가나슈가 유명한데 저번에 못먹구 이번에 포장해서 집에서 먹었는데 맛있네용!!쿠키는 평범한 딱 아는 맛있는 맛 ㅎㅎㅎ앞으로도 방문 또 할겁니당😊😊😊",2022-10-14,
생레몬에이드와 피칸파이와 바닐라아이스크림 조합 최강임…!,2023-01-12,
신촌 원탑 파이 카페,2023-02-11,
존맛탱 파이..! 해이즐넛초코쿠키가 젤 맛있고 초콜릿피칸은 조금 애매하긴 했지만 그래도 최애 디저트 카페중 하나 😍,2022-12-30,
파이 존맛,2023-07-24,
이렇게 많은 파이들이!! 하나같이 다 먹고싶어서 고민지옥에 빠지게 하는 곳.,2023-05-26,
"미시시피초코는 스테디셀러인 이유가 있어요 초코파분들께 무조건 추천하는 메뉴입니다!! 흑임자크럼블치즈는 흑임자크림이 찐하고 고소하고 부드러워서 좋은데, 치즈케이크는 살짝 아쉬워오.  말린 무화과가 들어 있는 것 같은데 조화가 아주 매력적이진 않았어요 그래도 파이홀 재방문의사는 차고 넘칩니다…✨",2022-12-19,
"파이홀 넘 맛나욜 🍪🥮☕️ 파이홀 예전에 굴다리에 있던 새내기 시절부터 찾던 곳인데, 졸업하고 오랜만에 오니 매장도 2층까지 확장됐네요! 여기 얼그레이 가나가 제일 스탠다드 시그니처(!)지만 스모어도 짱입니당 오랜만에 와서 잔뜩 포장해갑니당 파이홀 존맛탱 ~~!",2023-01-20,
말차 타르트 지이이이이인짜 맛있어요. 말차맛 엄청 잘 나고 씁쓸하고 정말 맛있어요. 인생 말차 디저트!,2023-02-05,
"재방문했어요. 에그파이랑 마카다미아쿠키를 샀는데 맛있어요. 파이는 겉바속촉이고 달콤하고, 쿠키는 부드럽고 낍히는 초코칩이 아니라 초코가 쿠키에 녹아들어서 좋았어요.",2023-02-21,
최고에요 진짜 !! 매번 신촌 갈 때마다 꼭 갑니다 ㅎㅎ,2023-03-25,
"토요일 12시쯤 갔을땐 2층이 한산했는데, 조금 지나니 매장이 거의 다 찰정도로 손님이 많았어요. 전부터 좋아했던 디저트 스타일인데, 너무 맛있고 친절했습니다!",2023-01-14,
고소딸기 과일이 달달해서 맛있습니다. 커피랑 먹기 좋아요! 오레오말차가나는 녹차의 씁쓸한 맛이 잘 느껴지고 진짜 꾸덕합니다.,2023-01-13,
여치니가 짱 조아해요,2023-02-12,
"파이와 차 둘 다 깔끔하고 좋았음일부러 오길 잘했음미시시피 머드쵸 파이 6,900원 마르코 폴로 6,500원 아아 4,500원별점 4/5점",2023-05-01,
말해뭐해 파이홀… 클래식은 실패하지 않는다….,2023-03-07,
사람이 끊임없이 와요!너무 사람많아서 정신없고 협소한데....디저트 존맛...👍👍👍스콘 대존맛....👍👍👍,2023-02-01,
포장했는데 파이가 종류도 많고 맛있어요👍,2023-02-17,
늘 마싯는 파이홀🤫,2023-04-18,
얼그레이를 그렇게 좋아하지 않는 편인데도 밑의 가나슈와 너무 잘 어울려서 정말 맛있었습니다!  진짜 초코의 깊은 맛이 느껴져서 계속 가나슈 맛있다는 말만 연발했습니다!  신촌 맛집이라더니 조금 늦은 시간에 갔는데도 손님이 계속 왔고 자리도 없었는데 우연히 자리가 나서 맛있게 먹고 왔습니당~!,2022-10-21,
사람이 정말 많아서 바빠보이셨는데도 친절하시고 매장도 예뻐서 자주 생각날 것 같아요. 파이랑 케이크랑 스콘이랑 도장깨기 하고싶은 곳!,2022-11-11,
피칸파이도 넘 맛났어요. 얼그레이는 항상 픽!,2023-04-19,
요기 신촌 카페중 넘버원이에요~~,2023-03-19,
감사합니다,2023-10-06,
언제나 맛있는 파이집!  새로나온 바노피도 너무맛있었어요  또 새로운 파이도 기대할게요 😋,2023-01-16,
신촌 파이 성지! 파이 종류가 많고 맛있어요,2023-01-05,
재방문했어요. 피스타치오우유 파이가 자극적이지 않고 부드러워서 좋아요.,2023-02-28,
파이홀 예전부터 엄청 유명하던데 이유가 있었어요!! 파이도 따로 제작해주시는 거 선물 받았었는데 매장에서 파시는 것도 넘넘 맛있네요!🫶,2022-11-08,
"크리스마스 기념으로 가족과 먹으려고 샀는데, 너무 맛있고 꾸덕과 커피가 어울려요🥰알바생분들 바쁘신데도 포장 예쁘게 해주시네오♡",2022-12-19,
조금비싸긴해도 맛있어요,2023-02-09,
포장해서 먹었어요,2023-02-05,
말해뭐합니까… 신촌 최고의 파이집… 최고의 쿠키집….. ❤️최근에 2층 오픈했다고 하니 많관부,2023-02-27,
언제나 맛있어요!다른 맛도 먹어보고 싶었는데 매번 먹던 것을 시켰네요 ㅜㅜ,2023-01-07,
디저트가 모든 종류 다 맛있어요.,2023-02-08,
"숫자 초, 구불거리는 초, 곰돌이 초를 팔아요! 성냥도 줘서 함께 간 사람에게 깜짝 이벤트를 만들어줄 수 있어요👍🏻",2023-02-24,
파이홀 너무 좋아요..정말 외치다 앓다 죽어도 모를 너무 맛있는ㅠㅠㅠㅠ디저트 덕훈데 진짜 너무 맛있어요...또 갈게요..진짜 집 앞이었으면 매일 출석했을 것 같아요,2022-12-31,
파이가 먹고 싶다면 바로 이곳!,2023-03-13,
커피 얼음 넘넘 맛있어요~ 파이도 최고 맛있습니당!!,2023-04-12,
"3번째 방문했는데 브라우니, 얼그레이, 말차, 메이플 먹어봤는데 다 괜찮았어요~",2023-01-20,
주말엔 사람이 너무 많아서 자리가 없었는데 평일에 오니까 드디어!! 앉을 수 있군요 파이 및 디저트 종류가 많아서 좋습니다! ◡̈ ◡̈,2023-02-20,
로투스 제일 맛있어요👍🏻,2023-02-01,
사진찍기 좋구 쿠키 진심 맛있어요,2023-03-21,
파이 진짜 다 맛있고 인테리어도 아기자기하고 정말 예뻐요! 파이랑 쿠키 종류도 많아서 고르는 데 한참 걸렸습니다! 신촌 가면 꼭 다시 방문하고 싶은 카페💗💗,2023-01-26,
드디어 와봤네요 파이맛집👍🏻,2023-03-07,
귀엽고 이국적인 분위기 속에서 맛있는 파이들을 먹을 수 있어요!,2023-01-31,
타르트 종류 많아서 좋아요~~근데 사람 넘 많아서 자리잡기 힘듦 ㅜㅜ,2023-02-04,
"파이종류가 항상 달라져서 도장깨기해야해요 ㅎㅎㅎ손님 진짜 바글바글하고 2층도 있어요!파이...정말 맛있어요 ㅠㅠㅠ사진이없어서 아쉽지만검색하면 리뷰 많이나와요!파이,스콘,조각케익은 파티나 선물용으로 좋아요.",2022-12-29,
신촌 디저트 중 최고라고 생각합니다! 오레오말차가나슈랑 얼그레이 가나슈가 제일 맛있어요,2022-11-26,
좋아하는 사람이 있으면 꼭 데리고 가고 싶은 곳이에요 파이들이 다 너무 맛있는 곳,2022-12-30,
말차 가나슈 타르트인가? 먹었는데 맛있었어요~~!! 생각보다는 크기가 조금 날렵하긴 해요 ㅎㅎ그래도 타르트 종류가 많아서 골라 먹기는 좋았어요 ! 커피 얼음도 대부분의 다른 카페랑 다르게 조각 얼음이라서 너무 좋았어요~~!!,2022-09-29,
너무 맛있어요 일단 오레오말차 파이 너무 맛있고 고소딸기도 진짜 너무 맛있어요ㅠㅠㅠ 하 오랜만에 맛있는 카페 발견한것 같아서 너무 만족스럽습니당 5점 만점입니다,2022-12-17,
기본 딸기 맛있네요,2023-04-15,
커피도 파이도 너무 맛있어요. 유일하게 조금의 단점은  좌석사이가 좁고 시끄러워서 편안하게 있다오기는 힘들어요.,2023-01-08,
맛있어요 종류가 많아서 다른 것도 먹어보고 싶어요,2023-08-02,
디저트완전맛있어요,2023-03-23,
분위기가 좋은 카페,2023-04-24,
"오늘 꼭 필요한 파이가 있어 전화로 킵요청드렸는데 친절하게 응해주시고, 포장해주셔서 감사합니다:)",2023-03-13,
자주 갓는데 진짜 다 맛있음...ㅠㅠㅠㅠ,2023-03-09,
난 여기보다 맛있는 꾸덕파이...못 먹어봤어요 증말친절하신 여자사장님도 너무 좋으시고요파이 진짜 미쳐요..집 앞이었으면 저 진짜 매일 가서 곤란할 뻔했어요,2023-02-01,
"파이홀에서 시나몬펌킨브레드 처음 먹어보는데 너무 내 서타일,,💕 위에 올라간 시나몬 가루 뿌려진 크림치즈랑 브레드라고 되어있지만 파운드케익같은 식감이 너무 잘 어울리고 맛있어용😋👏",2023-01-23,
파이는 무조건 파이홀입니다. 얼그레이 가나슈 ㅈ,2023-03-09,
카페 내부가 예뻐요,2023-04-21,
아직 안먹어봤지만 사진만 봐도 설레요,2023-01-16,
매장이 예쁘고 레몬머랭파이가 맛있어요!!,2023-01-15,
맛있어요 파이 지려용,2023-02-11,
Sweet summat like that,2022-12-06,
역시 신촌 디저트 맛집 파이홀!!,2023-01-13,
"메뉴 : 딥다크그린케이크, 로얄밀크티, 얼그레이오렌지👉🏻음료들은 전체적으로 뭔가 밍숭맹숭한 느낌이었어요ㅠ 음료와 다르게 케이크는 엄청 맛있었어요! 딥다크그린케이크 주문했는데 진한 녹차맛에, 초코시트가 어우러져서 너무 좋았습니다. 케이크 맛이 아주 달달해서 오히려 음료가 싱거워서 좋았던 것 같아요.",2022-11-22,
비스킷 진짜 맛있었어요. 가격도 저렴하고 매장도 예뻐요!,2023-01-08,
"파이홀은 뭐,, 말할 필요가 없죠,,",2023-01-21,
진짜 유일무이한 메뉴 오레오말차가나슈..여기밖에 없어요크기가 점점 작아지지만...벗어날 수 없다,2022-12-23,
"사람이 많아서 정신이없었어요, 파이는 맛있었어요ㅎㅎㅎ",2023-01-07,
완전 득템,2023-08-07,
오레오말차 타르트 꾸덕꾸덕 존맛,2023-02-05,
왜 …… 리뷰가 많은지 알꺼 같은 맛 :-) 맛있어요,2023-02-03,
찐또배기 파이,2023-01-26,
추천받아서 간건데 케이크가 맛있어요~,2022-11-17,
코코넛크림파이👍,2023-03-04,
갖은 파이가 촤르르르륵,2023-02-01,
맛있오오옹,2023-04-25,
맛있고 좋아요 :),2023-02-28,
파이 맛잇어요,2023-03-26,
에그파이 너무 맛있어요,2023-01-30,
레몬에이드에 진짜 레몬을 넣었나요? 엄청 새코롬하고 레몬 맛이 강해요👍. 레몬머랭은 특이한 맛. 얼그레이가나슈는 왜 스테디인지 알거같은 맛! 진짜 이쁘고 사람도 많아요.,2022-11-19,
파이 종류도 많고 예쁘네요. 카페 인테리어도 멋있습니다.,2022-12-24,
파이 정말 맛있네요! 너무 달지도 않고 맛있어요...❤️ 근데 사람 진짜 많아요...🥲,2023-02-28,
맛있는 디저트가 있는 곳 음료도 맛있어요!,2022-12-26,
파이종류가 진짜 많아서 기대하고 왔는데... 오늘 시켜본 메뉴는 영 아니네요다른 메뉴 시켜볼게요,2023-02-20,
시킨메뉴 하나도 빠짐없이 다 맛있어요 달콤한 디저트랑 먹기에는 커피가 조금 연하긴 한데! 특히 얼그레이 초코스콘이 맛있네요,2022-11-19,
맛있어요 주말이라 사람이 엄청 많았어요,2023-02-11,
매장 이전하고 처음 와봤는데 인테리어가 예뻐요!파이는 말할 것도 없이 맛있고요 그리고 커피가 저렴해서 좋네요,2022-12-03,
파이맛집입니다~^~^,2023-01-24,
사람많고 좋아요 맛도좋아~,2022-12-19,
좋아요!!!,2023-03-07,
파이가 맛있어요~~,2022-12-17,
타르트 꾸덕하니 맛있어요! 담에 또 먹으러 갈 예정이에요!:)근데 테이블이 흔들흔들거려서 타르트 떨어질까봐 불안불안했어요 ㅠ ㅎㅎㅎ,2022-11-19,
맛있어요:) 사람들 많아서 좀 시끄러워용🥹,2022-11-17,
항상 맛있습니다.미시시피머드 최고..ㅠㅠ,2022-10-21,
파이 맛집!,2023-05-18,
맛릿러요~~~~~~~,2023-03-18,
👍 good!!,2023-04-30,
행-복,2023-02-27,
나쁘지 않은 파이 맛집이었음 특히 머랭 올라간 파이가 제일 맛있었음,2022-10-29,
디저트 종류가 많아서 좋아요. 바닐라치즈케이크는 조금 아쉬웠어요,2022-11-05,
따뜻하고 아늑한 공간이에요.종류별로 다 먹어보고싶어요!,2022-12-03,
생각한것과 다르지만 맛있어요,2023-02-16,
레몬머랭파이 맛있어요 커피는 추천안함 사람이 많아서 가게가 은근 좁아요 포장 추천해요,2022-12-01,
커피도 맛있고 얼그레이 초코 파이 진짜 진짜 맛있어요-!!!,2022-12-10,
2층 처음 올라가봤는데 넓어서 좋아요. 다양한 파이를 맛 볼 수 있어서 좋아하던 곳이고 개인적으로 레몬머랭 최고라고 생각합니다.,2022-09-20,
이뻐요,2023-05-09,
파이홀 사랑해요,2023-03-13,
맛집,2023-06-07,
리뷰가 많아서 와봤는딩! 파이회전율이 빠르고 파이는 평균 7천원정도에용! 아아는 4천원!디저트 조아하면 한번 와볼만한거같아옹,2022-10-29,
"우울했는데 기분 좋아져용 달달하네요🍫 미시시피머드 6,800원",2022-10-23,
파이홀은 여러가지 파이들을 접해볼 수 있어서 좋아요. 이번엔 메이플 피칸 파이를 선택했는데 담백한 맛이 좋았어요.,2022-11-07,
미챠쓰요 너무맛있어요ㅠㅠㅠㅠㅠㅠ,2023-01-06,
양이 작아졌어요 너무요. 맛은 있지만 자유 이용할진 모르겠네요.,2022-12-23,
맛집이라 자주가는 곳이에요,2023-04-08,
피칸파이랑 당근케이크 부드럽고 맛있어요!,2023-01-05,
"맛있지만 피칸파이 너무 달고, 바쁘셔서 손님 응대에 미흡한 것 같아요 ㅠ ㅠ ..!그러나 1,2층 자리도 많고 공간도 예쁘게 잘 되어 있어 재방문의사 있습니다 ~",2022-09-07,
크러스트는 제 스타일이 아니지만 케이크가 너무 예쁘고 꾸덕해서 좋아요. 저번에 시켰던 브라우니가 진짜 맛있었는데 이번엔 없더라구요ㅜㅜ 매번 메뉴가 바뀌나봐요. 원하시는 메뉴가 있으면 방문하시기 전에 매장에 문의해보고 가면 좋을듯 해요,2022-10-06,
분위기도 좋고 디저트도 맛있었어요~,2022-12-01,
좋아요ㅎㅎ,2023-04-30,
맛있고 2층도 있어요,2023-01-30,
"맛있고 친철해요!디저트 종류가 많아서 좋아요직원분들도 친절하고, 매장 분위기도 아기자기 좋습니다!",2022-12-10,
ㆍ,2023-02-13,
레몬머랭 파이를 먹고싶었는데 앞에서 딱 품절돼서 못먹었어요😭 펌킨파이에서 특이한 형신료 맛이 느껴졌는데 맛있었어요! 티가 좀 남아서 테이크아웃 잔에 담아달라고 요청드렸는데 아예 새로 한 잔을 만들어주신 것처럼 가득 채워주셔서 놀랐어요😮,2022-09-24,
파이는 맛있었는데 음료가 셨어요ㅠ 무슨 음료인지는 까먹었는데 암튼 달진 않고 무작정 시기만 했다는.. 글고 2층은 친구 목소리가 잘 안 들릴 정도로 시끄러웠네요ㅜ 다행히 1층에 자리가 생겨서 1층으로 내려왔어요..! 다음에는 다른 파이 먹으러 오고 싶네용 ㅎ,2022-11-19,
먹어볼만한 파이집입니다,2022-12-30,
오레오 말차 타르트 찐하고 꾸덕하니 완전 맛잇어요ㅎㅎ 말차 쿠키도 맛잇어용 녹차덕후라 제 단골 최애 카페에요👍 내부 인테리어도 아기자기 귀엽고 빈티지해요,2022-09-05,
누텔라케이크뻑뻑함,2023-04-13,
디저트가 맛있는 집이지만 티 종류도 장난없어요타이라임티는 다른 곳에서도 마셔본적없는 상큼한 맛인데 먹으면 행복해집니다🕺🏻,2022-10-09,
조하용 ㅎㅎ,2023-01-26,
사진맛집♡ 맛집♡,2022-11-19,
역시는 역시,2023-02-19,
"신촌 갈 때마다 꼭 털러가는 곳입니다. 얼그레이 들어간건 정말 전국에서 손에 꼽을 정도로 맛있고, 말차 종류도 다 맛있어요!!  가격도 다른곳 대비 저렴해서 가성비도 아주 좋은 편입니다",2022-11-27,
파이 맛있네요!,2023-02-24,
파이가 너무 맛있어요ㅠㅠ 생각보다 파이 크기가 크고 가니쉬로 생 크랜베리를 올려주시네여 대박이져...가격도 너무 착하네여 또 가고 싶은 카페입니다.,2022-10-14,
넓고 좋아요 파이 종류도 많고,2022-12-31,
파이지가 얇은 게 특징이에요! 사진에는 없지만 에그파이도 맛있어요🙂,2022-11-27,
진정. 파이 맛집이네요굿~~~~~~~~~~~~서울온 보람 느껴요,2022-10-01,
파이 타르트 맛있다는 유명한 집!!!! 저녁에 가니 몇 종류는 품절이라 아쉬웠어요 필링 두툼하고 thick 해서 꽉 차는 맛 ㅋㅋㅋㅋ 사람도 진짜 많아요,2022-09-08,
얼그레이가나슈 여기가 최고 독보적이에요 진짜 짱 한 입 먹으면 삶의 질 즉각 향상 행복 지수 업,2022-10-23,
"맛있어요 학부생시절 추억의 파이홀 ...♥️ 여전히 사람많고, 확장공사 했는데도 자리잡는데 좀 걸렸어요 자리먼저 확보하시고 주문하시길!",2022-12-02,
좋아용 히히,2023-02-15,
오레오말차가 진짜 맛있어요!̆̈ 로이스 초콜릿 ? 느낌 나고 꾸덕 달달.... 에그타르트 먹고 싶었는데 없었어요 ㅠㅠ 오레오말차 먹으러 또 가고 싶어요,2022-08-27,
"라떼 맛집 ☕️디저트 맛집인데 음료가 더 맛있게 느껴지는 건 기분 탓인가요? ㅎㅎ 다른 곳에 비해 덜 달아서 더 좋은데 어째서 메뉴가 거기서 거기인 느낌 😭 케익 종류가 좀 더 다양했으면 좋겠어요,,,",2022-10-23,
"존맛탱 ,, 믿고 먹는 파이홀 ...초코는 꾸덕달달이라 단거 못드시는분은 아메리카노 필수!아니여도 같이 먹음 맛있어요커피도 쓰지않구 맛있네용서울올때마다 꼭 갈거임 ㅠㅠFROM. 슬픈 지방러",2022-11-12,
인테리어가 아기자기해서 예쁘고 디저트도 맛있었어요!,2022-09-28,
dessert 넘 달아요! ㅋㅋㅋ하지만 맛나요,2022-12-18,
파이홀~~ 신촌 디저트카페로 유명한데요~~ 8년전쯤 한번가보고 안갔었는데 그 사이 메뉴도 맛도 놀랍게 변했네요~~^^ 얼그레이가나슈~~ 커피도 독특한 라임티도!! 모두 맛있어요~~,2022-08-14,
파이맛있어요 개인적으로 에그파이보다는 일반파이가 더 특색있고 맛있는 거 같아요 아아메 필수에요,2022-09-12,
플레이팅도 예쁘게 해주시고 맛은 레몬 갈아 넣은 듯해요! 에피타이저로 즐기기 좋고 고소한 커피와 함께라면 찰떡일 것 같습니다,2022-10-04,
ㅣ,2023-06-14,
파이 맛있어요~~,2023-02-12,
블루베리먹었습니다. 따듯하게 데워주셨는데 블루베리가 큼지막 하게 있어서 과일맛을 느끼고 싶으면 안 데워도 될 것같아요!블루베리 알겡이가 이렇게 큰 파이 처음봤어요ㅋㅋ 사진으로 보이다 싶이 블루베리가 그대로 들어가있습니다그리고 이게 물리 않을 정도로 달아요! 너무 달면 물려서 안먹는데 이건 상큼 달달이라서 계속 먹는 것같아요! 종류가 많으니 엄청 달달한거 드시고 싶으신 분은 다른 종류의 파이도 추천드려요 아까 보니깐 다 맛있어 보이더라구요!2층까지있어서 넓어요! 인테리어도 아기자기해서 데이트 장소로 추천드려요!!!👍,2022-07-14,
타르트가 맛나요,2023-02-11,
파이가 맛있어 자주 가는 맛집입니다,2023-04-08,
넘 사람 많은게 아쉽,2023-02-04,
"파이가 미쳤어요,,진짜 존맛",2023-02-03,
엄마랑 다녀왔는데 파이가 정말맛있어요,2022-12-09,
얼그레이가나슈 맛있어요~너무 사람이 많아요 ㅋㅋㅋㅋ,2022-12-09,
"요즘 디저트답게 가격 사악,, ㅠ맛은 좋아요ㅠㅠ 타르트 위에 과일이 신선해서 좋아씀",2022-11-25,
사람이 너무 많고 시끄러웠지만 음식은 맛있어요,2022-12-09,
바나나치즈케익 진짜 맛있어요!!!!,2023-01-11,
치즈케익을 기대하고 갔지만 커피가 맛있어요. 최근에 리모델링했는지 전에 나던 버터냄새가 이젠 안나서 좋아요,2022-11-19,
꼭 오래오래 장사해주세요 ㅠㅠ 얼그레이 가나슈 수량도 늘 넉넉했으면.. 저녁에 가면 늘 없어요 ㅠㅜ,2022-12-30,
매일 지나갈 때마다 줄 서있는집 맛있는타르트 계속 팔아주세요~,2022-12-22,
맛 좋은 파이,2023-05-01,
"지금까지 얼그레이 가나슈, 라임애플민트, 펌킨 파이 먹어봤는데, 다 맛있지만 펌킨 파이가 진짜 맛있어요. 적당히 달면서 호박의 고소한 맛이 풍부하게 납니다.",2022-08-13,
차 향이 좋았고 파이랑 잘 어울려요♡♡  파이맛집,2022-12-02,
갠찮았어요,2023-02-04,
오늘따라 파이 조각이 얇아보이는 건 기분탓일까요?…🥲 늘 그렇듯 맛있었지만 사이즈가 아쉬웠어요🥺,2022-10-25,
파이 맛집으로 인정합니다내부 인테리어도 이쁘고 또 가고 싶어지네요,2022-12-10,
"2012년부터 방문한 제 마음속 너무 아끼는 맛집인데, 오랜만에 와보니 2층까지 확장하구 너무 좋네요! 사장님 오래오래 베이킹 해주세요! 진짜 여전히 너무 맛있구 변하지 않는 맛이라 좋았어요. 다음에 또 올게요!",2022-08-17,
파이가 정말 맛있어요~,2023-02-24,
비싼데 맛은있네요,2023-02-11,
ㅇㅇ,2023-05-31,
신촌가면 무조건 들리는 곳,2022-11-02,
북적북적 인기가 좋은곳,2022-11-29,
신촌 디저트 맛집이라고 할 수 있을 것 같네요. 대학가에 오랜기간 자리를 유지하고 있는 디저트카페. 디저트와 음료 모두 특색있고 전반적으로 맛있어요. 최근에 화장실도 수리해서 다 매장과 화장실 모두 깨끗하고 쾌적해요! 데이트 코스로 제격인 것 같아요.ㅎㅎ,2022-09-25,
쿠키쿠키 넘맛있옹🥹 녹차마카다미아 쿠키 모두 드셔보세용👍❤️,2022-11-29,
타르트 종류 다양해요,2023-01-29,
디저트 맛나요~바나나치즈케익 짱,2022-10-23,
너무 맛있어요 :) 사진은 밀크비스킷초코파이입니다.개인적으로 과일 들어간 메뉴가 최애지만 이것도 달달하니 넘나 맛있네요.,2022-11-13,
"최고자나 ,,",2023-01-11,
파이 맛있어요!,2022-11-27,
분위기도 좋고 파이도 너무 맛있어요😍,2022-12-31,
이미 너무 유명한 맛집..!!,2022-11-25,
파이가 역시 맛있어요👍👍,2022-10-18,
타르트 맛있어요!! :-),2022-11-22,
비싼데 맛나요,2023-02-07,
얼그레이파이 미친놈처음 가는 친구 있으면 꼭 데리고 가요신촌 디저트맛집입니다,2022-11-08,
여기 디저트는 정말 말이 필요없어요! 신촌에 오래 오래 있어주세요 :),2022-10-19,
"생각보다 넓고 파이 종류도 다양해서 좋아요.  💟얼그레이가나슈크림부드럽고 초코쫀득합니다. 쫀쫀하고 얼그레이크림과 진한초코가 조화로워요. 부드럽게 안에 크림 몽실하다가 찐득하게 초코가 따라옵니다.💟화이트과일치즈요거트 크림치즈라서 상큼상큼합니다. 과일 듬뿍 신선하고, 조화로워요. 부드럽게 녹습니다. 파이지 바삭바삭하고 입가심하기 딱이에요.",2022-05-07,
말차파이가 너무 맛있어요,2023-03-18,
이렇게 맛있는 파이와 쿠키를 파는 곳은 정말 드물겁니다. 신촌 갈 때마다 가는 거 같아요 최근엔 ㅎㅎ,2022-12-10,
늘 맛있게 잘 먹고 있어요,2022-12-09,
케잌들이 하나같이 예쁘고 맛있어요..💗,2022-09-09,
파이 종류가 다양하네요~ 좋아요,2022-09-03,
7시 조금 넘어서 갔더니 품절된 메뉴들이 생기고..8시에는 거의 다 팔렸더라구요!!!파이랑 쿠키 진짜 맛있으니까 일찍 가서 드시는걸 추천합니다.매장 2층이라 넓어요~*^^*,2022-09-14,
케잌 맛나요,2023-06-07,
파이 종류가 다양하고 수다떨기 좋은 분위기라 좋아요~,2022-12-21,
맛잇어요,2023-03-13,
맛으론 최고건강을 위해 자제하는 곳 ㅎ,2022-10-07,
이거 먹으려고 신촌옵니다. 사람이 너무 많아서 자리잡기가 힘들지만 파이는 여기가 최고예요. 정말 맛있습니다.,2022-10-01,
레몬머랭 주문했습니다상큼하니 달달한 레몬크림에 바삭한 타르트가 잘어울리고 맛있었어요인테리어도 멋지고  2층까지 있는데 넓고 쾌적해서 좋았어요,2022-07-03,
생각보다 달지 않아서 가족이 좋아했어요~ 레몬파이 정말 맛있었어요!,2022-12-30,
마시싸요,2023-02-04,
냠,2023-01-05,
이층도 생겨서 조아용ㅎㅎ,2022-11-09,
다양한 디저트 맛집,2022-11-09,
"오레오 말차 케이크 완전 꾸덕하고 맛있어요!! 어떻게 말차랑 오레오를 섞을생각을 한건지 ㅜㅜㅜ밀크티는 그냥그런 맛, 데자와같은 맛이었고 레몬에이드는 정말 맛있어요 신거 좋아하면 강추!!가게 인테리어 예쁘고 사진 찍기 좋아요",2022-06-04,
진짜 인생 맛집.쿠키도 파이도 맛있어요.,2022-11-09,
대박 맛있습니다...한통 사갈뻔했어요,2022-10-07,
장소가 넓고 디저트 다 맛있어요!,2022-11-02,
언제 먹어도 맛있는 파이홀💙,2022-09-17,
비스킷이 맛있어용~~,2023-01-08,
파이 맛있었어요!,2023-01-07,
인테리어 개편하고 진짜 예뻐졌고 디저트는 원래부터 맛있었어요 호호,2022-08-22,
맛있었어 집에 사왔어요!,2022-11-05,
펌킨이랑 에그파이가 젤 맛있어요!,2022-11-09,
바나나치즈케이크 존맛탱 ㅜㅜ 가시면 꼭 시켜드세여!,2022-12-18,
대화하기 좋고 디저트 맛있어요 !!👍👍👍,2022-09-27,
진짜 거짓말 안하고 여기 디저트 다 맛있어요!💚개인적으로 자극적인단맛을 좋아하지않는입맛이에요 그래서 특히 스콘이랑 파이 적극 추천해요!!👍👍선물용으로도 좋구요,2022-09-30,
맛잇어요~~~~~,2023-04-18,
형 고마워 미국에서 만나 : ),2022-10-31,
신촌 첨가보는데 왜 다들 디저트는 파이홀이라는지 알겠어요ㅎ 빵이 촉촉하고 크림이 안느끼해요. 라임머랭?이랑 제철과일은 좀 시고 로투스는 한번 먹어본걸로 만족. 근데 에그파이가 도른놈임.. 에그타르트 따귀 때리고디저트계를 평정할놈.. 포장해오고 싶었는데 다팔림ㅠ,2022-07-25,
대1(16년)부터 꾸준히 가는 단골 파이집🍮리모델링 하고는 포장만 하다 올만에 가게 왔어요~! 2층 넓고 좋네용!☺️ 보통 와서 타이라임티만 먹다가 바닐라라떼 시켰는데 디카페인이 벌ㅆㅓ 소진됐다구..(평일4시)🥲.. 그냥 마셨는데.. 스벅 스타일 바닐라라떼 좋아하는 분들은 별로일수도있어용 시럽 맛이 좀 달라서..! 다음엔 그냥 타이라임티 마실려구용~ 파이는 늘 그렇듯 맛있고 요즘 쿠키도 미쳤어요 헤이즐넛초코 먹었는데 달달구리 대존밋탱 흑임자쿠키도 완전 찐하고 맛잇어여 다음엔 녹차마카다미이 쿠키 먹어야지🍪 우헤헤😀,2022-07-18,
레몬머랭  맛있어요,2022-12-26,
케익 맛잇어요!! 커피는 그냥그냥매장도 예쁘고 2층도 잇어요,2022-10-28,
파이가 너무 맛있어요,2022-12-28,
2층 생긴 거 넘 좋아요 예쁘구,2022-11-29,
포장도 잘해주시구 파이가 넘 먹음직스러워보였어요,2022-09-30,
사람이 너무 많아서 포장했어요,2022-09-27,
신촌에서 조각케익 먹기 좋아요~ 젊은감성 뿜뿜,2022-09-18,
그냥 그럼,2023-01-30,
이 곳의 파이는 특별합니다,2022-11-18,
"피스타치오 우유랑 레몬머랭 먹었는데 진짜 너무 맛있어요! 레몬머랭은 상큼하고 피스타치오 우유는 완전 고소 그자체,, 먹는내내 감탄하며 먹었어요ㅠㅠㅠㅠ 그런데 매장주문하는 쪽이 너무 협소해서 주문하는사람, 포장기다리는 사람, 파이고르는 사람끼리 다 섞여서 조금 불편하더라구요ㅠㅠ 그거빼고는 음료나 디저트는 진짜 인생 디저트 등극할만큼 너무 맛있었어요 !",2022-07-07,
사람은 많지만 친절하시고 인테리어도 예뻐요.타르트는 역시 너무 맛있네요!,2022-08-28,
케잌 맛집,2023-04-20,
처음 먹어봤는데 너무 맛있었어요!,2022-10-19,
진하고 꾸덕한 파이 좋아요~자주 올께요,2022-09-16,
최애 파이집!,2022-11-26,
파이 맛집이에요 늦게가면 없는 종류도 많아요,2023-01-16,
파이 진짜 너무 맛있어요... 직전에 밥먹고 온거라 배불러서 한조각밖에 못 먹었는데 아쉽네요 디저트로 조금 말고 식사로 왕창 먹고싶은 맛!,2022-09-15,
새 메뉴들이 반갑네요! 맛있어요!!!,2022-07-30,
버터갈릭스콘 짱,2022-12-15,
:),2022-12-16,
얼그레이 가나슈가 젤 유명하댔는데 전 너무 달았어요ㅠㅠ 오히려 펌킨이 졸맛!,2022-10-19,
파이 맛있는데 직원분들이 좀 불친절 ㅎ,2022-10-14,
딸기요거트파이 맛있어요근데 매장은 솔직히 너무 시끄러워서 귀가 아프네요,2023-03-07,
맛있어요~!,2023-04-29,
파이 너무 맛있어요,2022-12-10,
바나나치즈케이크를 먹었는데 괜찮았어요 전 고소한 맛의 커피를 좋아하는데이곳 커피는 좀 아쉬운 맛이었어요..,2022-11-20,
특이해요. 라즈베리 파이는 글쎄입니다.,2022-11-13,
레몬파이맛있어요💗,2022-11-05,
완전 맛있어요수년째 찾고있는 추억의 맛집,2022-07-22,
파이지가 기름지지않고 담백하고 크림도 진하고 맛있어요,2022-11-08,
"7년째 단골인데 리뷰는 처음남겨요. 파이종류 다 특별하고 맛있어요!! 예쁜 매장에 여유로운 음악까지, 기분좋아지는 공간이에요. 단호박치즈케이크가 매번없어서 꼭 다시 먹고싶네요..!",2022-07-25,
"파이 너무 맛있어요,,",2022-11-01,
파이들이   너무 달지 않아 디저트로 딱!,2022-11-06,
너무 맛있어요. 단골이에요!,2022-11-06,
"펌킨파이, 미시시피초코파이, 솔티드카라멜 라떼(ice), 아아 주문, 매장내 식사. 진짜 진짜진짜 맛있어요. 파이 완전미쳤어요 ㅜㅜ 둘이 갔지만 일행은 배불러해서 저 혼자 파이 2개 싹쓸이...여기원래 얼그레이파이가 유명하다던데 오늘은 없더라구요 나중에 꼭 도전해볼래요 파이 말고도 쿠키 및 에그타르트도 있던데맛나보였어요",2022-06-19,
신촌가면 꼭 들리는 파이 맛집!,2022-08-24,
"파이,종류가 다양해서  좋아요",2022-11-01,
너무맛맀어요,2022-10-28,
여자친구랑 왔는데 디저트랑 음료들이 맛있어용☺️ 다만…화장실이 남녀 공용인데 화장실 외부문을 잠그지 마세요 문구가 있어서 그냥 닫아두고 볼일을 보는데 동성이면 상관없지만 볼일 처리하고 문 여는데 이성이 있으면 많이 민망한 상황이 생기네요🥹 외부문을 잠그도록 문구를 삭제하심이 어떨까 싶습니다ㅠㅠ 번창하시고 많이 파세요😆,2022-09-23,
맛있었어요 디저트 비쥬얼도 이쁘고 :),2022-11-01,
오랜만에 찾았는데 역시나 좋았어요!! 타르트 짱맛👍,2022-08-23,
쿠키가 맛있어여엉!!!,2022-09-27,
카페 다니면서 겉만 이쁘디 맛있다 느껴지는 디저트 많지 않은데 여긴 맛있어요^^ 신촌 올일 있으면 또 올게요,2022-10-14,
말차오레오는 너무 달았는데 피스타치오우유는 진짜 맛있네요,2022-09-27,
"레모네이드 맛있어여,, 마이 페이보릿은 미시시피머드초콜릿입니다.",2022-09-26,
레몬머랭파이 너무 좋아요 울집 앞에도 생겼으면 좋겠어용,2022-07-06,
메뉴굿,2023-01-20,
얼그레이가나슈 존. 맛. 근데 먹다보면 너무 달아서 아메리카노랑 먹어야해용 ㅎㅎㅎ,2022-11-17,
파이가 너무맛있어요~!!!,2022-11-12,
친절하고 음료도 맛있어요,2023-01-18,
파이가 정말 맛있어요💛,2022-11-22,
타르트 엄청 좋아하는데 레몬머랭과 코코넛크림 필링이 너무 맛있었어요!,2022-07-11,
홍차레이디 티는 약간 싱거워요.... 타이라임티도 뭔가 맛이 특이한데 먹다보면 은근 맛있어요! 쵸콜릿 케이그가 정말 맛있어요! 엄청 달지도 자극적이지도 않고 맛있습니다😋 과일치즈 케이크도 맛있어요😍,2022-04-22,
얼그레이가나슈렁랑 바나나치즈 맛나요,2022-10-23,
이대친구 추천으로 갔는데 넘 맛났으요!,2022-10-10,
조금 더 폭신한 식감이었으면 좋았을것같아요 다음엔 쿠키말고 케익을 먹어보려구요~,2022-08-18,
신촌에서 유명한 파이집! 2층도 증축돼서 넓고 쾌적하네요🥹,2022-08-15,
얼그레이스콘 굿,2022-10-22,
우연히 들렀는데 핫플느낌1층카페인줄 알았는데 2층있음 인테리어랑 소품들 구경하는 맛이있음주말에 사람많고 어떤 테이블은 흔들려요그래도 커피맛좋고☕ 디저트도 만족🍪,2022-06-11,
"언제나 아끼던 곳이었는데 졸업하고 오랜만에 가니 인테리어가 새 것이 되었지만, 여전히 따듯한 공간이네요. 🙂",2022-09-23,
리뉴얼 오픈 후 첨 가봤는데 인테리어가 더 멋져졌네요… 파이 너무 맛있어요~,2022-06-13,
존맛입니다~~!!!!,2023-01-11,
타르트에 더 가깝고 종류도 다양해요. 얼먹해서 통째로 베어 먹어도 존맛.... 다음에 다른 맛 먹어보고 싶어요.,2022-11-20,
최애파이집...사랑해요,2022-10-11,
매장이 리모델링 하고 더 예뻐진거 같네요 ! 쿠키도 선물용으로 여러개 샀는데 맛봤더니 엄청 맛있었어요💛,2022-08-27,
파이와 커피가 맛있어요작은 컴플레인?이 있었는데 신속하게 대처해주시고 보상을 해주셨어요 오히려 제가 죄송하게 느껴질 정도였습니다 자주 가는 곳인데 신뢰가 더 쌓인 계기가 되었습니다,2022-11-18,
파이가 진짜 맛있어요 저는 말차 먹었는데 씁쓸한 말차 좋아하시면 잘 맞을듯 근데 친구가 얼그레이 가나슈 시켜서 한 입 먹었는데 이게 젤 맛있어요 다들 얼그레이 가나슈 파이 드세요,2022-09-13,
피칸파이는 많이 달아요,2022-11-06,
쿠키랑 파이 너무 맛있어요!!,2022-09-11,
신촌에 디저트집이 많진않아서 여기 자주 오는데 공사해서 쉬다가 가오픈때 가봤어요 매장은 낡고 먼지 좀 많았는데 지금은 깔끔한것같아요 파이 솔직히 한조각에 6500씩 좀 많이 비싸진것 같아요 파이 새로운거 볼때마다 도전하는 편인데 여긴 로투스만 맛있는것같아요,2022-04-23,
맛있네요,2022-10-24,
굿굿굿,2023-01-08,
신촌 파이 맛집,2022-11-02,
라임애플민트파이랑 오레오말차가나슈파이랑 에그파이 샀는데 다 맛있었어요! 분위기도 너무 좋았습니다ㅎㅎ,2022-06-04,
녹차오레오랑 얼그레이 제일 좋아해요! 진짜 찐하고 너무 맛있어요!! 주기적으로 생각나는 맛😋,2022-07-08,
타르트 너무 맛있는데 시끄러웠어요 ㅜㅠ 그리구 날이 더웠는데 에어컨을 안켜주셔서 조콤 더웠습니다~~,2022-09-28,
파이는 존맛탱인데 자리가 없어요 만석만석임,2022-10-08,
유명한데라서 반신반의로 가봤는데 맛있네요~,2022-06-18,
맛집~,2023-03-22,
얼그레이 가나슈 짱맛🤟,2022-11-02,
분위기 좋아요,2022-11-01,
초콜릿파이 진짜 너무 맛있어요 재방문의사 있습니다,2022-09-14,
손님이 항상 많은 이유가 있네요^^,2022-10-20,
진짜 너무 너무너무너무너무 맛있어요!,2022-09-30,
사람도 많고 파이 종류도 짱 다양해서 취향에 맞게 드시면 될 것 같아요,2022-07-25,
레몬어랭이 너무 상큼하고 맛있어요.루바브라즈베이 상큼해요,2022-11-24,
디저트 맛집~,2023-02-01,
말차쿠키 넘 맛잇어용,2022-09-21,
파이홀 탁월한 선택! 말차 오레오파이 꾸덕~,2022-10-14,
파이 장말 맛집입니다,2023-01-16,
오늘따라 레몬머랭파이 파이지가 너무 얇고 레몬커드에 레몬 향이 강해서 머랭이 묻히는 느낌,2022-09-16,
또갈거예요,2022-12-18,
오레오말차👍,2022-10-17,
항상 너무 맛있어요,2022-10-22,
케잌이 맛있어요,2022-12-17,
맛 괜찮은 편이고 데코 예뻐요,2022-09-20,
파이전문점 답게 종류가 많은거 같아요:)잠깐 머물다 가기 좋을듯,2022-08-16,
파이에 초코가 많은 것 같아요. 먹고 싶은 메뉴 잔뜩이었네요! 가끔 가서 달달한 디저트 먹기 좋은 곳이에요~,2022-12-04,
매장도 귀엽게 생겼고디저트가 맛있어요😊,2022-09-19,
너무너무 맛있어요,2022-09-11,
파이맛집이에용,2022-08-13,
파이 진짜 예쁘고 맛있어요,2022-08-14,
파이도 맛있고 2층까지 좌석있어서 좋네요~,2022-07-05,
지나가는데 너무 제 취향일 것 같아서 들어갔는데 역시나 디저트가 정말 맛있어요포장해놓고 에그타르트만 매장에서 먹었는데 너무 맛있어서 바로 다른 파이 또 샀잖아요내일 또 가려고요,2022-07-11,
테이크 아웃 했는데 맛있고 좋았어요! 굴다리 밑에 있을때부터 믿먹 ㅎㅎ,2022-08-12,
아아랑 레몬에이드 맛있었어요~ 파이도 맛있고 종류 다양해서 좋았습니다:),2022-07-04,
꾸덕한 진한 맛 좋아요,2022-10-09,
맛있고 이쁘고 좋아용~~!,2023-02-11,
너무 맛있어요!!!,2022-08-29,
카페가 매우 특이하고 맛있어요~!,2023-03-04,
굳굳,2022-10-29,
음료도 디저트도 다 맛있어요!!,2022-07-02,
신촌 갈 일 있으면 들러서 포장해와요 과일 들어간 타르트가 많이 달지 않고 특히 맛있어요!,2022-06-15,
깔끔해요,2022-11-07,
가끔 들르면 색다른 맛의 타이라임티를 마시고는 합니다 :) 역시나! 오랜만에 방문했는데도 제가 느꼈던 청량감을 느낄 수 있어 이 날도 맛있게 마셨답니다! 제 친환경 텀블러도 예쁘다고 해주셔서 감사해용! ( 제품 허스키컵 이에요! 혹여나 정보 공유해요 :D ),2022-05-29,
사악한 가격이지만 한입 먹는 순간 하나 더 시키는 모습을 발견하게 되는 곳..타이라임티는 전 여기 시그니처라고 생각합니다 달달한 파이랑 너무 잘 어울려요 다만 개취로 간얼음인게 좀 아쉬워요,2022-06-05,
좋아요~~^^,2023-02-16,
존맛탱,2022-10-22,
대존맛이라 또 왔잖아요포장해간 디저트류마다 부모님도 맛있다고 하셔요,2022-07-12,
맛있어요. 혼자 두개 시키면 조금 남길 정도로 양도 괜찮구요.,2022-06-22,
넘 맛있어요,2022-10-20,
레몬머랭파이 정말 맛있네요,2022-12-26,
얼그레이가나슈 맛나요,2022-08-23,
언제나 그렇듯이 맛있습니다. 선물로 샀는데 보냉팩도 주셨어요,2022-06-28,
파이 대 존맛탱,2022-09-25,
my favorite dessert.,2022-06-21,
"흑임자치즈케이크는 조금 뻑뻑했고, 얼그레이타르트는 맛있었어요!! 카페안은 예쁘지만, 좀 많이 시끄러워서 조용한 대화는 불가능했어요",2022-07-02,
여기 파이 최고의 맛집입니다~~!!!,2022-08-26,
편안해요,2022-10-15,
타르트 맛집 꾸덕하고 진해요 👍,2022-07-23,
파이가 진짜 맛있어요,2022-09-22,
파이가 꾸덕하니 맛있어요,2022-06-27,
...,2022-10-29,
매장 장신없고 시끄러워서 대화 나누기 힘들 것 같아요디저트 맛 괜찮아요,2022-06-25,
진짜 밋있어요,2022-08-13,
스콘이 맛있어요,2022-11-10,
인테리어가 예쁘고 디저트가 맛있는 집,2022-06-16,
진짜ㅜㅜ다 너무맛있었어요ㅜㅜ,2022-09-11,
맛있게 먹고 포장까지 했어요!,2022-06-09,
디저트 집에서도 손에 꼽는 맛집이에요! 인테리어도 분위기있어 더 자주 가게 됩니다 그래서인지 항상 손님이 많아요,2022-07-09,
파이가 정말 유명한가봐요! 손님이 엄청 많아요!!,2022-07-17,
유플렉스 인근에 위치하고 외관 인테리어가 인상적이라 찾기 쉽습니다. 좌석도 예쁜 방석들이 모두 구비되어 있어 편안합니다. 파이 종류가 다양하고 모두 맛있습니다. 주문한 메뉴는 모두 쟁반에 직접 가져다 주셔서 편리합니다.항상 인기가 많아 자리가 없을 수도 있습니다.,2022-02-09,
신촌에 있는 오래되고 맛있는 파이 카페! 음료도 맛있고 파이 디저트들도 맛있어요!,2022-05-24,
신촌 디저트 카페 내맘속 1등..♡ 근데 항상 사람이 많아서 시끌시끌합니다 ㅠ,2022-07-18,
파이 마이쪙,2022-10-22,
👍👍👍,2022-12-28,
파이먹고 싶을때 가는 곳🍮,2022-07-13,
진짜 최고의 맛집😍,2022-08-10,
파이도 맛있고 밀크티도 맛있고 인테리어도 예뻐요~ 재방문하고싶어요~,2022-08-10,
신촌 에서 젤 좋아하는 카페😊,2022-07-08,
파이가 다양하고 맛이 좋습니다 :) 😊🫶🏻 인테리어도 아주 공들여 꾸며 놓으셔서 보는 재미도 있어요!,2022-06-18,
파이가 정말 맛있어요!!!,2022-09-03,
조아요,2022-10-28,
신촌 디저트집 중에 젤 맛있어요😘😍❤️,2022-06-08,
디저트맛집이네요,2022-11-22,
타르트가 전반적으로 좀 슬림해졌어여...ㅠ,2022-06-30,
너무 바빠서 그런가 주문하면서도 괜히 미안해지고 여자 사장님인지 직원분인지 얼굴에 짜증이 가득하셔서 방문한 것 자체가 죄짓는 기분이에요 ㅠㅠ,2022-07-11,
10년 째 파이홀 이용중,2022-06-27,
역시 파이홀! 친구랑 밥먹고 와서 맛있는 파이에 아메리카노 먹으면서 즐겁게 이야기했어요! 신촌의 명물입니다😊,2022-07-06,
에그파이 존맛.포르투갈 식으로 페스츄리인데 바삭하고 고소하다.필링은 부드럽고 달고 꽉 차있어서 묵직하다.고소함보다는 단 맛이 더 도드라진 에그파이.펌킨파이는 호박맛이긴한데 고구마도 느껴지는 듯.타르트들도 전부 페츠츄리다.필링 역시 가득 차있고 살짝 꾸덕하다. 올려진 크림도 살짝 달고 잘 어울린다.초콜릿피칸은 초코맛이 진하고 견과류가 잔뜩 있어서 식감이 크런치하다. 난 초코없는 피칸이 더 좋을 것 같다.,2022-01-17,
코코넛 맛있어요,2022-08-25,
무조건 재방문,2022-08-24,
펌킨파이는 좀 오래된것 같앗음!,2022-07-26,
이 부근으로 이사오시기 전부터 자주 갔었는데 점점 마음에서 멀어지는 곳… 이제 연대생들이나 신촌 로컬들은 안 가고 신촌 놀러온 외부인(?)들만 가는 것 같아요.일단 리모델링 이후 매장이 쾌적해진 것은 좋은데 (특히 예전 인조잔디는 최악.. 이상한 냄새 나고 잔디가 축축해져서 가방 젖은 적도 있어요ㅠㅠ) 이제는 뭔가 살짝 인위적으로 급조된 흔한 유행감성카페 느낌.. 그리고 2층은 공간 문제인지 모르겠는데 소리가 너무 울려서 시끄러워요. 두명이서 갔는데도 매장이 너무 시끄러워서 서로 소리가 잘 안 들릴 정도였어요ㅠㅠ 소음에 둔감한 편인데도 시끄러워서 머리 아팠어요…그리고 항상 매장이 너무 정신이 없어서 손님까지 정신이 없어져요… 인기 있는 카페 많이 가는데 여기는 유독 너무 소란스럽고 정신이 없어요ㅠㅠ,2022-05-19,
잘 먹었어요~^^,2022-10-08,
매장이 너무 복잡해서 포장으로 이용하면 좋아요,2022-07-23,
최애파이집......!! 얼그레이 가나슈는 말이 필요없고 오레오 말차 너무 안달아서 좋고 고소한 과일은 처음 먹어봤는데 증말 고소하네요!! 얘네 때문에 통장이 털렸어요ㅠㅠ,2022-04-23,
👍🏻👍🏻👍🏻👍🏻👍🏻👍🏻👍🏻,2022-07-19,
인테리어 공사를 해서 조금 정없는 가게가 되었다만 효율적으로 깔끔해졌다,2022-04-20,
파이맛집 보석같은곳입니다음료는 잘모르겠고 파이는 서울에서 젤맛있어요저는 상큼한종류를 좋아하는데초코나 로투스처럼 묵직한애들도 맛있습니다밀도가높아서 배가불러요리모델링하시고 매장내부도 많이 깔끔해졌네요,2022-05-05,
맛있어요🫶🏻,2022-07-10,
파이 종류가 많고 맛있어요,2022-07-15,
펌킨은 진짜 비추요..얼그레이랑 말차오레오가 짱...,2022-08-30,
맛있게 잘 먹었습니다!,2022-07-04,
맛있아요,2022-11-19,
진짜 신촌 가서 파이홀 안 먹으면 안되죠!!!!모든 메뉴 다 맛있어요 최고ㅠㅠ,2022-11-28,
자주 오는 곳인데 다 맛있어요흑임자치즈케이크는 흑임자맛이 넘 강해서 치즈의풍미가 숨어버려 좀 아숩네요,2022-11-01,
리뉴얼하고 파이가 더 맛있어졌네용🥰,2022-04-28,
새로 리모델링한 뒤로는 첫 방문했어요~ 인기가 많아서 테이블에 앉으려니 벌써부터 웨이팅이...기다린 보람이 있는 디저트 맛집입니다~♡,2022-04-29,
맛집이에요,2022-12-17,
굿 플레이스.,2022-09-24,
신촌 타르트집 중 최고,2022-06-26,
조아요!!!?,2022-12-24,
맛남,2022-08-25,
진짜 신촌오면 꼭 오는 파이집 오레오말차 진짜 맛잇서요ㅠㅠ호두도 담백하고 엄마도 좋아하셧서요!!,2022-05-08,
케이크 종류가 많고 맛있어요 아기자기합니다,2022-06-26,
훔,2022-07-27,
맛있어요^^,2022-09-18,
불친절한 건 여전하고 맛있는 것도 여전하고…,2022-05-02,
핸드메이드 파이들 맛있었어요. 분위기도 좋고 아기자기한데2층은 사람이 많아지니 조금 울리고 시끄러웠어요. 인테리어나 소품 신경 많이 쓰신것 같아요.,2022-05-26,
👍🏻👍🏻👍🏻👍🏻,2022-07-19,
아꽁뜨사장님 친절하시구 바닐라가 존맛이에요ㅠㅠ,2022-04-15,
1년 만에 왔는데 리모델링했네요!!!인테리어가 더 귀엽고 깔끔해졌어요ㅎㅎㅎ파이는 여전히 맛있어요~~~약간 작아진 거 같기도…..?신촌 올 때마다 들리게 되는 거 같아요이만한 디저트집이 없네요~.~,2022-05-15,
쬐고에요 매주 갑니당 신촌 최고 타르트 맛집🫶🏻,2022-05-16,
새로 인테리어해서 완전 깔끔!!,2022-05-15,
디저트맛있어요,2022-06-09,
만남하기 좋은곳이예요,2022-07-12,
맛있다고 추천받아서 테이크아웃 하고 왔어요세 개 다 대만족 너무 맛있네요!얼그레이가나슈? 유명하다는데 다음엔 그것도 먹어보고싶어요 :) 신촌 갈 일 있을때마다 여기 디저트 하나씩 맛볼래요,2022-01-23,
7년째 최애 카페,2022-06-30,
처음에는 가격대가 있다고 생각했는데 먹어보니 꿀맛! 값어치 하는 것 같아요 ㅎㅎ 신촌 오게되면 또 찾아올듯요!,2022-03-15,
좋아요~,2022-07-05,
와 파이 정말 맛집 >.<,2022-07-03,
파이가 진짜 맛있었음,2022-05-29,
"매장이 이뻐요. 1,2층으로 되어 있어요",2022-06-01,
오늘 을지로3가에서 일마쳐서 전철타고 와서 솔티초코쿠키 포장후 저녁먹고 가족들과 같이 먹었는데 동생이 너무 맛있다고 합니다 ㅎㅎ다음에는 얼그레이 초코타르트 사러 오겠습니다~,2022-02-22,
진짜 너무 맛있는데 매장이 너무 좁아요….,2022-04-29,
다 맛있어요 ㅠㅠ,2022-06-28,
미니 케잌도 맛있어요,2022-05-19,
굿~~!!!,2022-08-14,
ㅎ 얼그레이 파이를 주문했으나 품절로 딸기타르트?를 먹었는데 달지 않고 담백해서 괜찮네요 ㅋ  나쁘지 않은데 ㅎㅎ 이게 기대가 너무 커서 그런지 약간은 실망했어요ㅜㅋㅋ 그래도 평타치 이상은 되요 ㅋ 커피는 쏘쏘 ㅎ 연한 커피 별로 안 좋아하시면 실망하실수도 ㅜ아 그리고 고메버터 비스킷 존맛♡ 촉촉하니 너무 맛나네요!! 전 파이보다 비스킷이 더 감동이었어요 ㅋ,2021-11-18,
파이가 진짜 맛있어요! 음료수는 양에 비해 조큼 비싸서 좀 아쉬웠어요ㅠㅠ,2022-05-21,
맛있엉요,2022-07-04,
꾸덕한 질감 굿!,2022-05-13,
쏘쏘 ㅇㅅㅇ,2022-07-17,
좋아요❣️,2022-07-02,
클래식한 파이를 먹고싶다면 고우,2022-03-08,
저녁에 가도 케이크 많음,2022-05-05,
정말 좋아하는 파이집입니다. 집 근처에 체인점이 생기면 얼마나 좋을까요…,2022-02-06,
인생파이집이 되었습니다•••,2022-03-03,
분위기 맛집,2022-09-14,
^^,2022-07-03,
테이크아웃해서 먹었는데 맛있었어요,2022-02-20,
분위기가 좋아요,2022-07-15,
믿고 먹는 파이홀 모든 파이가 다 맛있다 💓,2022-02-17,
진짜 너무맛있어요 대신 비쌈,2022-04-25,
스콘이 맛있어요!,2022-05-19,
맛나요~~,2022-07-07,
아쉬움점은 충전할데 없어요 ㅠㅠ카페 분위기가 아주 훌륭해요 짝짝짝,2022-05-11,
쿠키에서 설탕이 서걱거리면서 씹혀서 아쉽지만 파이는 짱짱,2022-03-06,
인기가 많아서 테이크아웃해서 먹었는데 너무 맛있어요!!!굿굿,2021-12-18,
자잘한얼음밖에안돼요,2022-04-21,
아주 맛있음. 매장이 혼잡하고. 서비스/시스템이 정말 극악함ㅠ 인력부족의 문제가 아님..그러나 상쇄할만큼의 맛. 주문후 20분이상 기다렸지만 만족했을 맛이니.. 매장이용은 비추.,2022-01-21,
먹어보고 맛있어서 두번째 방문했어요. 얼그레이가나슈랑 뉴욕치즈과일파이. 많이 달지 않아서 좋아요. 아 말차도 좋아해서 말차쿠키 먹었었는데 제 입맛에 너무 진한 느낌. 진정한 덕후는 아닌가봅니다ㅎㅎ,2021-12-31,
자리가 없어서 포장해왔는데 기대만큼 특별한 건 아니었지만..? 그래도 맛있어요~,2022-02-19,
첨에 하나만 빨리 먹고 가려고 자리에 앉았는데 1인당 1메뉴더라구요. 직원분이 상냥하게 말해주셔서 얼른 먹고 또 주문했습니다,2021-12-25,
대학시절 자주갔는데 너무 오랜만에 간 파이홀 ! 여전히 맛있음 ♥️,2022-01-25,
피스타치오 딸기 파이 괜찮았어요!,2022-01-24,
"그날마다 나오는 파이가 다르다.저녁 6시 반 정도 갔을 때 남은 파이는 4종류 정도, 자리는 만석.쿠키 진열장에 있던 메뉴 2개를 선택해서 포장.에그파이로 데워 먹었어야 하는건가 싶은데둘다 데워 먹지 않고 먹었다.에그파이는 그래도 취향에 맞는지 맛있었음.-에그파이-스모어 쿠키에그파이는 에그타르트 2배 이상 사이즈 업되고 흐트러지지 않은 맛.스모어 쿠키는 진한 초콜렛 쿠키 위에 마시멜로우.매일 나오는 메뉴가 조금씩 다를 테지만 그 재료를 짙게 사용한 맛이 나온다고 생각하면 되지않을까 싶다. 그래서 본인이 좋아하는 맛을 잘 알고 있어야 실패할 확률은 없을듯.",2021-09-10,별점4점
ㅎㅎ,2022-08-17,
뉴욕과일치즈랑 바나나치즈케이크 먹었는데 달지 않고 맛있어요.,2022-01-11,
디저트 많고 맛있습니다~,2022-06-18,
파이 맛있어요!!다음에는 다른종류 먹어보고싶어요!,2022-01-07,
레몬 머랭 파이 먹었는데 적당히 상큼하고 달달하기도해서 맛있었어요,2022-02-09,
파이홀 진짜 너무 맛있어요. 신촌올 때마다 먹는답니다. 오레오말차타르트는 진짜 환상이에요,2022-02-25,
맛있어요 흑흑,2022-03-08,
파이홀~ 너무맛있고 예쁘고 좋아요!!솔직히 가격이 저렴한 편은 아니라 많이사긴 부담스럽지만 그래도 너무 맛있어요이런 파이가게 흔하지 않아서 너무 귀해요.파이홀 특유의 인테리어나 분위기도 너무 사랑스러운데항상 사람이 많고 복작거려서 저는 매장에서 먹는걸 즐기진 않아요.포장도 작은 박스에 깔끔하게 잘해주세요!!,2022-01-16,
꾸덕꾸덕 찐한 맛. 어떤 메뉴를 선택해도 맛있음.,2021-12-31,
늦은 시간인데도 손님이 엄청 많았습니다 맛은 있어요,2022-02-21,
자주 가던곳인데 어느날 화장실 테이블에 가방두고 화장실에 왔는데 음료랑 파이가 다치워져있어서 사장님께 아직 남았는데 화장실다녀오니 다 치워져있었다고 말했더니 죄송하단말 한마디없이 또 드려요? 짜증스런표정으로 하는거보고 됐다고하고 한 1년정도 방문안했다가 오랜만에 방문^^ 예전보다 많이 안바쁘신지 친절했다~! 화장실 냄새가 심해짐~!,2022-01-30,
케이크와 다른 파이의 묘미.얼그레이 무화과 파이 먹어보고 싶어서 갔는데 품절.오후 5시 되기전인데 품절이더라구요.점원님에게 물어봐서 추천받은 카푸치노 파이로 먹었어요.취향은 아닌듯. 생크림은 취향이라 무마된 맛다음에 다른 파이들 먹어보고 싶네요.쿠키도 맛나보임.,2021-09-10,별점5점
좋아요 ㅎㅎㅎㅎ,2022-05-27,
늦게 방문한게 아닌데도 케이크가 많이 빠졌어요; 남아 있는 것중에 급하게 구매했는데 맛있었어요. 포장이라 좀 쏠렸네요,2021-12-25,
인테리어가 예뻐요 화장실이 깨끗해요 평일에 갔는데도 사람이 너무 많고 좁았어요ㅠㅠ 주로 커피메뉴고 논커피는 별로 없어서 아쉬웠어요,2022-01-10,
생딸기크림 라떼.. 딸기맛이 전혀 안나고 생크림 맛만 나네요.. 비추해요ㅠㅠ 그치만 파이는 맛있었어요!,2022-01-11,
포장해서 밖에서 먹는거라 포크가 필요했는데 포크가 다 떨어졌다고 하더라구요ㅠㅠ 그래서 그냥 손으로 먹었습니당 담에는 포크 넉넉하게 준비해주시면 좋을 것 같아요!,2021-12-04,
파이는 말할 것도 없고 쿠키도 너무 맛있네요! 부담스럽지 않고 고급스러운 달달함과 살짝 꾸덕한 정도의 질감이 취향 저격입니다. 모든 맛을 다 먹어보고 싶어졌어요. 자주 방문하겠습니다. 감사합니다!,2021-11-04,
와우 사람이 엄청 많고 그만큼 맛있네요 ㅠㅠ,2022-01-14,
너어무우 맛있어요,2022-02-10,
따듯한 분위기에 대화하기 좋은 곳,2022-01-13,
치즈케이크가 느끼하지않은데 맛이 좋아요.말차도 찐해서 좋네요...쿠키도맛있어요...아아도좋아요...,2021-11-19,
"좋아요! 조용한 분위기가 아니라 조금 아쉽지만 파이, 스콘 다 맛있어요",2022-01-10,
자리로 직접 가져다 주시고 디저트며 음료며 다 맛있어요 😊,2021-12-07,
♥️,2022-03-08,
고냥고냥 갠찮아여!,2022-02-13,
포장을 자주하고 홀파이도 예약하고갔었는데 친절하세요:),2021-12-25,
원래 얼그레이 좋아하는데...뉴욕과일파이가 젤맛났어요~!! 다음에가면 뉴욕과일은 포장해오고 싶을정도 예요!!!,2021-12-08,
예전부터 항상 오던 곳이에요~~파이 넘 맛있어요,2022-01-24,
의자가 딱딱하지만 디저트가진짜맛있어요,2021-11-15,
얼그레이가나파이인가 그거 진짜 완전 존맛탱!!디저트 먹으려고 아메리카노 시켯는데 양도 많고 맛잇엇음..! 인테리어도 느낌있고 좋았다,2021-11-03,
신촌 최고의 파이맛집,2021-10-24,별점5점
👍👍👍👍👍👍👍👍👍👍,2022-01-24,
달달해요,2022-01-30,
사람이 너무 많아요..! 그만큼 맛있긴 합니당..,2022-01-17,
말차 타르트 최고,2021-12-23,
신촌 오면 매일 가는 곳이에요!,2021-11-23,
복숭아 요거트 치즈파이 맛있어요! 디저트류는 전체적으로 맛있는 편인거같아요 커피는 그냥 그랬어요,2021-08-14,별점4점
신촌올때마다찾는곳!,2022-01-22,
신촌 유명 파이집!!,2021-12-11,
최애,2021-12-28,
무난쓰,2022-02-04,
맛있어욥,2022-01-29,
디저트도 맛있고 분위기도 너무 좋아요!대학생때 추억이 솔솔 나는 곳이예요,2021-07-31,별점4.5점
💛❤️,2021-12-22,
"맛은있으나,비싸요",2021-12-15,
바나나치즈케이크 맛있어요,2021-12-05,
디저트는 언제 먹어도 맛있어요!!! 밀크티랑 얼그레이가나슈 짱짱👍🏻👍🏻,2021-10-26,
파이가 맛있고 가격도 좋아요!,2021-11-19,
로투스파이맛있네여,2022-02-08,
말차타르트 맛있었어요~~!,2021-11-16,
나의 인생 파이,2021-10-17,별점5점
비스켓 넘 맛있어요,2021-12-11,
완전 달달 ( ⁼̴̤̆◡̶͂⁼̴̤̆ ) 맛잇어요!!!!평일 오후 6시쯤 갔는데 많이 품절되어서 슬펐어요ㅠㅠ,2021-08-27,별점5점
좋아요:),2021-12-29,
완전 맛있어요,2021-12-02,
오레오말차랑 고메비스킷 둘 다 넘 맛있어요!!! 말차 진짜 진하고 꾸덕꾸덕해요. 고메비스킷은 제가 여태껏 먹어본 스콘류 중에서 젤 맛있네요.,2021-07-22,별점5점
맛있었어요,2022-01-23,
얼그레이가나슈💜,2022-02-19,
ㅎ,2021-12-25,
정말 맛있어요,2021-08-09,별점5점
에그타르트 맛있어요 :),2021-10-11,별점4점
디저트 맛있어서 예전엔 단골이었는데 이사가면서 한동안 못먹다가 오랜만에 가봤더니 역시 맛있네용ㅎㅎ,2021-08-27,별점5점
너무 맛있어요,2021-11-04,
먹으면 행복한 맛!,2021-09-25,별점5점
가끔 실험적인 메뉴가있지만ㅋㅋㅋ로투스파이랑 초코라떼 맛있어요ㅎ파이지가 퍽퍽한게 좀 아쉽,2021-07-10,별점4.5점
좋아요 ~~,2021-12-20,
맛있고 항상 사람많은곳😂,2021-09-27,별점5점
바나나 치케 최고입니드.. 아주 꾸덕 쫀득 ㅜㅜ 또 먹고싶은 파이홀!,2021-07-15,별점5점
그냥 그래요,2021-11-25,
ㅊㅊ,2021-11-19,
파이랑 쿠키 진짜 짱 맛나요ㅠㅠㅠ 맨날 먹구싶은 맛! 말차라떼도 달기만 한게 아니라 쓴 맛이 은은히 나서 넘 좋았어요!!!,2021-06-20,별점5점
마이쩡쩡,2021-10-13,
소란스러워요,2021-10-04,별점3.5점
자주가요.파이가 맛있어요. 사람 많아요,2021-08-07,
파이 맛있어요❤,2021-06-30,별점5점
초코파이는 엄청 진함당충전 제대로레몬에이드는 신맛 엄~~~청 강함,2021-07-02,별점3.5점
얼그레이가나슈는 맛있는데 살구피스타치오는 좀 띠용..? 하는 맛이였어요 피스타치오같지 않고 약간 아보카도 늭낌....,2021-06-14,별점5점
스콘대박..ㅜㅜ,2021-09-22,별점5점
파이가 맛있어요! 말차가 진짜 지인해서 좋아요 ♥,2021-11-29,
말차오레오타르트 꾸덕하고 맛있어요 근데 사람이 많아서 가게내부가 좀 시끄러워요,2021-09-05,별점4점
무화과 파이 달고 맛있음,2021-09-01,
타르트지가 바삭하지 않아서 아쉬웠음,2021-08-24,별점4점
갈때마다 사람이 많지만 파이는 진짜 맛있어요!,2021-08-21,
진짜 너무 맛있어 두번 세번 다시 갈 거예요!!!,2021-05-01,별점4.5점
얼그레이가나슈 파이 짱!!!,2021-10-04,별점4.5점
처음 방문했는데 일단 디저트들 비주얼이 최고❣️ 사람 많아서 대기를 해야 했는데 사장님께서 친절하게 안내해주셔서 좋았어요! 서비스로 에그타르트 주신 것도 너무 잘 먹었어요!! 존맛탱 ㅠㅠ 다음에 다른 것도 또 먹어볼게용 흥하세용 사장님!!!,2021-05-01,별점5점
10년째단골이에요 !!!,2021-07-31,별점5점
2000년대 감성 조아요~,2021-09-04,별점5점
맛있어요~~,2021-09-05,별점5점
정말 맛있어요!!!최고!,2021-09-04,별점5점
마시쪙,2021-09-02,
인테리어는 그냥그냥얼그레이 타르트 초코와 얼그레이 크림의 조화하나 더 먹고싶은맛,2021-05-10,별점3.5점
종류다양하고이뻐요,2021-07-17,별점4점
"식기류를 바꿀 때가 되지 않았나 ,,, 그리고 앤틱한 게 컨셉이라 그런지 전체적으로 깔끔하진 않아요 하지만 알바 분들 친절하심",2021-05-01,별점3.5점
좋아하는 가게라 선물사러 갔어요. 선물 받으신 분이 좋아했어요:-),2021-03-27,별점5점
커피는 괜찮은데 파이는 ...,2021-06-28,별점3점
대딩때부터 다녔던곳,2021-07-20,별점5점
역시 항상 오는곳 넘 좋아요!!❤️❤️,2021-05-20,별점5점
맛있고 분위기좋아요근데 바질자몽타르트는 매우 실험적인 맛...바질파스타맛이났습니다 ㅋㅋㅋㅋ,2021-05-03,별점4점
친절하시고 맛있어요!,2021-07-16,별점4점
최강 맛은 아니지만..정기적으로 먹고싶어지는 맛.. 오늘은 지붕위로떨어지는 빗방울소리까지 끝내줘요,2021-04-29,별점4.5점
좋아여,2021-09-04,별점5점
파이 맛 굳....,2021-09-02,별점4점
호박파이맛집,2021-05-07,별점5점
저 비주얼을 보고 어떻게 스모어쿠키를 안먹을 수 있겠어요...유일한 단점은 인기가 좋아서 좋은 자리 득템하기 힘들어요 ㅋㅋㅋ,2021-03-16,별점5점
얼그레이 스콘 특히 잼은 정말정말 맛있구여 커피는 무난한 커피맛입니다. 다만 파이지가 조금 퍼석퍼석하네요ㅜㅜ,2021-02-02,별점4점
파이홀.. 말해뭐해 존맛..,2021-05-01,별점5점
파이도 맛있고 음료도 맛있어요 언제가도 자리가 붐비는 신촌의 핫플레이스,2021-05-20,별점5점
맛나용,2021-06-29,별점4.5점
혼잡하지만 맛은 좋아요,2021-05-21,별점4.5점
너무 맛있어요 :),2021-05-21,별점5점
파이 모두 맛있고 특색있어요!,2021-03-22,별점5점
시골호박파이 진짜 미친놈입니다 단호박우유크림이 아주 단단하게 잡혀있고 그 위로는 단호박시나몬휩크림? 같은데요 전~혀 느끼하지도 달콤하지도 않아서 물리지 않고 계속 들어가요. 크림 자체도 꾸덕해요 크림치즈는 아닌데 그릭요거트같은 꾸덕함? 최고입니다. 추천. 넘 맛있어서 먹다가 혼자먹기아까워서 글올려요 블로그 후기가 살짝 안좋아서 걱정했는데 재방문의사 있을유,2021-01-06,별점5점
"맛집이라고 해서 찾아갔던 파이홀 ,, 레몬바질이랑 펌킨 주문했는데 친구랑 둘 다 한입씩 먹고 말았었습니다 ㅠㅠ 기대 이하여서 아쉬웠어요",2021-03-31,별점3점
오레오 말차 타르트 6000허니차이티라테 5500일단 타르타르의 모든 타르트를 선물받아 먹어봤지만 그 밑에 갈색 빵?쿠키?부분이 눅눅딱딱해서 싫어했는데 여긴!! 밑에 부분도 너무 맛있었다!!!!!!!!!오레오가 콕콕박혀있어서 먹는 식감도 좋고 정말 꾸!덕!꾸!덕한 말차맛을 느낄 수 있다. 파이 하나만 시켜도 초코 데코에 너무 시지만 예쁜 체리?까지!차이티라떼는 앞에 허니가 붙는 걸 못 봤네요. 정말 허니를 들이부어주셔서 많이 매우 달다 못해 쓰라렸습니다. 따뜻한 물 더 달라고 했더니 찬물 주셨지만 ㅎㅎ 암튼 단 케이크엔 아아입니다요.개선사항: 타르트?파이?케이크 암튼 크기가 제각각이네요 복불복 기분이라 작은 거 줄까봐 노심조사했어요.,2021-01-24,별점5점
커피 엄청 무난한 맛,2021-05-14,별점3점
파이홀 파이 맛있어요,2021-03-07,별점3.5점
얼그레이 타르트 존맛,2021-06-12,별점5점
맛있어요!!!특히 오레오말차ㅠㅠ신촌에 디저트 맛있는 카페가 잘 없어서 꾸준히 찾게 돼요공간은 좀 협소해요ㅜ,2021-04-03,별점5점
당근케익 너무맛있음,2021-05-05,별점5점
맛있고 친절해요,2021-05-09,별점5점
타르트 맛있어요,2021-06-03,별점5점
색다른 파이종류가 많아요! 말차도 꾸덕하니 맛있어요~ 최고,2021-03-30,별점5점
아기자기귀엽~,2021-05-01,별점4점
진짜 맛있어요 ㅠ,2021-03-31,별점5점
파이홀가고 싶지만 언제나 사람 많은 곳이죠신촌의 명물중에 하나입니다,2021-03-18,별점5점
맛잇는디 시끄러우ㅜ요ㅔ,2021-05-19,별점3.5점
맛있어용 포장도 해갔어요,2021-02-23,별점5점
언제나 맛있는 얼그레이가나슈,2021-03-14,별점4.5점
케익도 커피도 다 맛있어요!!,2021-02-08,별점4.5점
빈티지한 느낌~~~~!!!,2021-06-27,별점4.5점
최고 웨이팅 감수합니다,2021-04-09,별점5점
맛있는 곳,2021-07-04,별점5점
가격대비 맛이 좋아요,2021-03-02,별점4점
시끄럽고 거리두기는 전혀없는것같지만 친절하시고 맛도 좋음,2021-03-07,별점5점
맛있어여,2021-06-05,별점5점
맛있어요~^^,2021-06-28,별점5점
호박파이 죨맛탱구리앞으로도 이맛 계속 유지 부탁해요,2021-03-03,별점5점
가격이조금 부담이지만   맛은 짱,2021-02-25,별점4.5점
"레몬 종류 파이 맛있고, 쿠키와 스콘도 맛있다. 하지만 바질레몬만은 비추....",2021-03-30,별점3.5점
파이 등 디저트는 맛있는어요!! 다만 타이라임티는 예전 그 맛이 아니네요. 가게 자리가 좀 좁고 화장실은 사용하기 불편해요 천장이 정말 낮아요,2021-02-24,별점4점
포장,2021-04-25,별점5점
얼그레이가나슈 역시 짱짱,2021-02-18,별점5점
맛있어서 예전부터 자주 갔는데 점점 퀄리티가 떨어지네요..,2021-03-21,별점3점
파이 종류가 많아서 좋네요,2021-09-25,별점3.5점
맛 그닥...왜 유명한건지 잘 모르겠다.,2021-03-14,별점2.5점
사람이 엄청 많아요 커피가 좀 늦게 나오네요,2021-02-08,별점4점
오레오말차+얼그레이가나슈👍😻👍😻,2021-03-03,별점5점
고급져요 맛나요,2021-04-02,별점4.5점
국,2021-04-01,별점3점
가게도 아기자기 이쁘고 파이도 맛있네요,2021-01-24,별점4점
파이 정말정말 맛있어요..! 특히 녹차파이 전 녹차맛 이렇게 진하게 나는 음식 처음 먹어봐요 ㅠㅠ 완전 녹차덕훈데 정말정말 만족했어요👍🏻👍🏻 사장님? 직원분? 너무 친절하시고 가게가 밖에서 볼땐 작아보였는데 안으로 들어가니 또 다른 분위기의 카페가 있더라구요! 화장실도 엄청 예쁘고 아기자기해요ㅋㅋㅋ 화장실에서도 커피 먹을 수 있을만큼 잘 꾸며놓으셨어요 덕분에 잘 쉬다 갔습니다:),2020-10-05,별점5점
가게가 좀 어수선한 거만 빼면 훌륭함,2020-12-12,별점3.5점
크리스마스라 역시 손님이 많네요! 다행히 사고싶었던 얼그레이 가나슈 파이 살 수 있어서 다행이였어요~,2020-12-24,별점5점
가격은 조금 비싼 감이 있지만 브라우니 맛있어요 호두파이는 쏘쏘,2021-01-05,별점5점
말차 오레오 꼭드세요 꾸덕꾸덕하고달콤하면서도 쌉쌀한 말차맛이 너무너무 맛나요당땡길때 생각나는 맛입니다.말차 안좋아하는데 이거 먹고 말차를 좋아하게 되었어요사진은 예전에 먹었던 사진인데딸기 철에 나오는 딸기치즈 파이도 너무너무 맛있습니다.사장님 적게일하고 많이버세요.그리고 오래오래 장사 해주세요..,2020-09-18,별점5점
파이가 비싸지만 맛있는곳말차와 얼그레이가 맛있어서 뉴욕과일먹어봤는데 뉴욕과일은 그냥보통맛이네요,2021-01-13,별점5점
얼그레이 맛있어영~~,2020-12-24,별점5점
"HANDMADE 홍차잼 최고,,,",2021-03-18,별점5점
파이들도 맛있었지만 스모어 쿠키 역대급이였어요. 사진은 미시시피초콜릿!!,2020-10-27,별점5점
맛있어요!!!👍🏻자리선점이 어렵지만 신촌올때마다 들러요!,2020-11-07,별점5점
"호박파이 직접 만드신거라 너무 맛있었어요ㅜ근데 음료 주실때 밑에 까는것도 같이 주시는데 거기에 뭐 묻어있어서 찝찝했어서 별 하나 뺄게요,,",2020-10-13,별점4점
파이 맛집입니다ㅠㅠ 피칸파이를 좋아해서 찾아갔는데 초콜릿피칸밖에 없더라구요.. 그래서 왔으니 사가자 하는 마음으로 기대안했는데 대박!! 먹어본 피칸파이중 1위였고 얼그레이가나슈랑 오레오밀차도 맛있었어요 최고👍,2020-10-03,별점5점
12월에 신촌 5번 갔는데 5번 다 파이홀 들린 것이 실화인가.. 5번에 10만원 넘게 쓴 게 실화인가.. 그만큼 너무 맛있습니다.. 미시시피 사랑해..🖤 크리스마스 한정 트리파이도 못 잊는 맛이라 딸기 시즌 끝나기 전에 또 나왔으면 좋겠어요ㅠㅠ 존맛탱 진짜!,2020-12-24,별점5점
기대를 너무하고 갔나봐요 제 취향은 아니더라구요,2021-01-09,별점3점
파이 맛집! 개인적으로 끝 부분이 뾰족 세모 모양 파이지보다 스무스한 뾰족 세모 모양 파이 시트지가 맛있는 거 같아용! 미시시피 초코... 존맛...♡ 아 아래 리뷰처럼 매장이 조금 어수선하고.. 주방 정리가 좀 필요한 거 같기는 해요..ㅎㅎ,2020-12-24,별점5점
너무너무 맛있습니다!!,2021-01-03,별점5점
"음료와 파이 맛있구, 인테리어도 넘 이쁜데사람이 많아서 그런지 꿉꿉했어요 ㅜㅜ 그래도 좋았어용",2020-11-14,별점4.5점
케이크맛집이요 ㅠㅠㅠ 커피도 맛나요,2020-10-25,별점5점
언제나 한결 같은 그맛 그대료💜,2020-11-28,별점5점
얼그레이가나슈 굳굳,2020-12-22,별점4.5점
친절하고 맛있는곳,2020-11-13,별점5점
"아 너무 맛잇어요,, 신촌에 이런 맛집이 잇엇다니ㅠㅠ 스콘도 사먹을라구옹",2020-10-06,별점5점
"가나슈 얼그레이가 맛있다고 소문나서 먹으러 간건데, 괜찮았다 :) 아메리카노도 산미 별로 없이 괜찮! 그리고 생각보다 자리가 꽉차서 놀랐고.. 스콘도 맛있어보였다. 안쪽 구석까지는 에어컨 바람이 안와서 좀 더웠음ㅠ ㅠ",2020-05-30,별점4점
커피가격이 맛에 비해 아쉽지만 타르트가 진짜 찐맛집이라 용서돼요 ㅠㅠㅠ 다음에는 타르트만 여러개 포장해서 집가서 먹을 예정! 얼그레이가 진짜 향도 강하고 초코 부분과 조화가 좋아서 계속 먹고 싶어요 막 달지도 않아서 끊임없이 들어가는... 처음 먹는 파이인데 맛있어서 이제 파이처돌이 될 예정ㅋㅋㅋ,2020-07-27,별점4.5점
신촌 케이크 맛집이에요! 존맛ㅠㅠ,2020-10-03,별점5점
오레오말차 파이 짱맛있었어요ㅜㅜ 완전 내스타일!로투스파이랑 브라우니도!달달해서 아메리카노랑 먹기 좋았어요!그리고 예쁘게 플레이팅 되어 나와서 기분이 좋더라구요ㅎㅎ 자리가 조금 불편하긴 했지만 맛있게 먹고 재밋게 놀다갑니다!ㅎㅎ,2020-07-22,별점4점
"색소 맛, 싸구려 맛...ㅠㅠ 대학생 시절엔 이걸 어케 먹었던 건지... 돈 아까움",2021-01-29,별점1점
캔모아가 생각나는 그때 갬성,2021-01-29,별점3.5점
신촌갈때는 파이홀 들려줘야줘♥️,2020-11-06,별점5점
맨날 먹어도 맛있는 파이홀..♥,2020-11-02,별점5점
"인테리어나 메뉴판, 아이스 500원 추가 등등 옛날 감성이지만 파이가 맛있어요 ㅎㅎ 블루베리파이에 잼 말고 블루베리 많이 들어있어요. 내부 화장실도 있고요. 뭔가 어수선한 분위기와 등받이의자가 별로 없는 것땜에 편하게 오래 있긴 어려울 것 같아요.",2020-08-05,별점4점
신촌에서 젤 유명한 파이집 한때단골이었죵,2020-11-03,별점4.5점
최애 디저트맛집! 너무 맛있어요ㅠㅠㅠㅠ,2020-10-29,별점5점
괜찮아요,2021-02-15,별점5점
너무 맛있고 분위기도 좋아요ㅎㅎ,2020-11-18,별점5점
오레오말차파이JMT👍👍홍차초코스콘도JMT👍👍같이 주신 잼인가 그것도 너무 맛있었어요~~,2020-09-26,별점5점
파이 맛집 (스페셜티는 비추,2020-09-19,별점4점
미시시피 초콜릿파이와 아이스아메리카노를 마셔요^^,2020-10-09,별점5점
가격은 조금 비싸지만 녹차가 찐이에요피칸파이도 꼭 먹어보고 싶어요 진짜 맛있데요.,2020-10-24,별점4.5점
여기... 진짜 맛있네요..,2020-11-02,별점5점
맛잇어유,2021-01-27,별점5점
종류많아서 좋아요 ㅎㅎ,2020-11-27,별점4점
맛있는데 집에 3시간뒤에왔더니 레몬크림이 다녹아있었어요ㅠ 레몬은 바로드시길..!,2020-08-01,별점4점
주말에 갔는데 매장이 꽉 찼더라고요!역시 맛집이라 ㅎㅎ 파이는 넉넉하게 있었고 저 바나나파이 정말 한 입 먹으니 여기가 미쿡같았답니다🥳🥰,2020-07-11,별점5점
파이종류는 많은데 맛은 쏘쏘.......,2020-08-30,별점2.5점
파이 이렇게 맛있는 집 또 없어요!!!,2020-08-11,별점5점
애용함 두통도 낫게하는 맛ㅎ,2020-10-15,별점5점
토마토바질 스콘 홍차초코스콘 쏘쏘함,2020-09-14,별점3.5점
라임타르트가 젤 존맛,2020-10-09,별점4.5점
직원분들도 친절하시고 정성이 담긴 파이,2020-09-05,별점5점
로투스 파이랑 스모어쿠키 존맛탱이에영 ㅠㅠ,2020-08-08,별점5점
파이가 맛있는 가게에요 ㅎㅎ,2020-08-28,별점4점
음료가격이 저렴한 편파이 및 케익류도 가성비 괜찮고독특하고 예쁨 맛잇음사장님 친절하심,2020-07-16,별점4.5점
예쁘고 맛도 좋고,2020-11-01,별점4점
이번 시킨 파이는 좀 달았구음료도 쏘쏘,2020-08-06,별점3.5점
신촌 파이 맛지베,2020-10-17,별점4점
다 맛있음,2020-12-22,별점5점
커피무난.디저트맛남.,2020-08-23,별점4점
너무 맛있었구요😋😋😋 재방문 의사 있어요!,2020-07-17,별점5점
파이 존맛탱!!!,2020-11-14,별점5점
시끄럽고 콘센트도 없지만 파이맛있어요,2020-08-12,별점4점
너무달지않고 맛있어요.,2020-10-12,별점4점
신촌 수제파이 최고,2020-10-06,별점4.5점
최고,2020-11-03,별점5점
달달하고 맛잇어요,2021-04-18,별점4점
수제파이진짜맛집.....❤️,2020-10-03,별점5점
가게가 아기자기 하니 예뻤어요음료 양도 많고 맛있게 마셨습니다다만 친구는 솔티카라멜을 시켰는데 엄청 짜다고 하길래.. 마셔봤는데 정말 기겁했습니다원래 그런 맛으로 먹는 건 알지만 짠맛을 조금 더 줄이는 게 어떨까 싶습니다,2020-06-18,별점4점
"비싸기만 비싸고 맛은 그닥,사진찍기 딱히 좋은것도 아님",2020-08-01,별점2점
녹차 타르트가 너무너무 맛있어요! 계속생각나서 또 방문하고 싶어요,2020-05-12,별점5점
좀 너무 달아요,2020-09-19,별점2점
로투스 파이 진짜 넘 맛있어요,2020-08-03,별점5점
너무 맛있어요!! 사람많고 유명한 이유가 있는거 같아요. 다음에 또 올거에요,2020-08-08,별점5점
너모비싸,2020-10-10,별점3점
신촌에서 젤 맛있는 파이맛집,2020-07-04,별점5점
커피 맛있어서 또 가려구요!,2020-05-01,별점5점
직원 분들이 친절하시고 맛도 좋아요,2020-07-31,별점5점
크림이 꾸덕꾸덕해서 맛있었어요:),2020-05-25,별점4.5점
사람 엄청 많아서 나오는데 오래걸려요ㅠ 직원분은 친절하세요,2020-07-28,별점4점
타르트지는 제 취향 아니였지만 맛있었고 직원들이 겁나 친절함,2020-07-24,별점5점
유명한만큼 맛있지는 않은거같아요...퍽퍽해요,2020-06-21,별점2.5점
맛있는데 비싸요,2020-07-11,별점4점
파이 맛있네요~ 다른맛도 궁금해요커피맛은 쏘쏘~,2020-09-23,별점4.5점
디저트 단골집,2020-07-08,별점4점
최고! 근데 얼그레이가나슈파이는 맛없어요 ㅠㅠ 매일 바뀌는데 고르는 재미도 쏠쏠,2020-05-29,별점5점
여기는 얼그레이 맛집입니다. 대존맛,2020-06-27,별점5점
짱,2020-09-30,별점5점
항상 존맛이어요💕,2020-08-03,별점5점
오래오말차 너무 맛있어요,2020-07-04,별점5점
너무맛있어요요용,2020-07-29,별점4점
네번째 방무운,2020-06-07,별점5점
완전 또 오고 싶네요,2020-07-26,별점4점
맛도굿~친절까지,2020-07-26,별점4점
계속 와보고싶던 파이집!테이크아웃도 가능해요~맛있어요!,2020-04-19,별점4점
얼그레이가나슈 존맛,2020-06-27,별점5점
사랑해요 파이홀,2020-07-25,별점5점
지인 추천으로 다녀왔는데 파이가 정말 맛있었습니다. 다른 파이들도 먹어보고 싶어서 재방문 할 예정입니다!,2020-05-04,별점5점
여기 비스켓 진짜 맛있어요!!!!#파이보다 #비스켓,2020-04-19,별점4점
언제나 어마무시하게 맛있는 파이홀입니다 파이 먹고 맛있다고 여긴 덴 여기밖에 없어요 커피를 안 마셔서 그 외 음료만 먹는데 사실 그 외 음료가 엄청나게 맛있는건 아닙니다 그냥 평범하고요 여긴 디저트집이지요,2020-03-23,별점5점
맛있고 분위기도 좋아요,2020-08-26,별점5점
파이맛있어요~^^,2020-06-01,별점4.5점
분위기도 괜찮고 디저트도 맛있어요,2020-03-31,별점4점
맛있어요!! 또 와요!,2020-07-01,별점5점
사람 진짜 엄청 많음. 좀 시끄러움. 파이는 맛있다,2020-05-01,별점4점
커피랑 디저트 다 맛있어요,2020-05-10,별점5점
다양한 재료로 만든 홈메이드파이 맛집. 오래오래 두고두고 먹고싶어요 ㅎㅎ,2020-04-26,별점5점
로투스가 넘 맛있어요,2020-04-24,별점3.5점
너무 맛있고 힐링됩니다,2020-04-18,별점4.5점
신촌 갈때마다 가는 곳 (˃̶᷄‧̫ ˂̶᷅๑ ),2020-03-20,별점5점
파이 종류도 많고 다 맛있어요!!,2020-05-16,별점4.5점
맛있어용 음료는 가격에 비해 별로에용,2020-05-17,별점4.5점
나 찐단골이야~~~~,2020-06-04,별점4.5점
커피는 그냥 그런데비스킷이 존맛얼그레이가나슈 생각보다 깔끔,2020-03-07,별점5점
좋아요~~!!,2020-07-26,별점4.5점
It is close to my house and the staff are very friendly. I also like going there because I like the drink and mood there.,2020-02-23,별점4점
맛은 있는데 테이블 사이가 좁고 사람이 너무 많아요.,2020-05-01,별점4점
너무 맛있네요. 여러맛 모아서 홀케익처럼 포장해가서 먹었는데 모든 맛이 다 맛있습니다. 맨날 가고 싶습니다,2020-02-04,별점5점
파이홀의 디저트와 플레이팅은 언제나 감동,2020-02-20,
쿠키 존맛,2020-06-09,별점5점
더파이홀 최고오오,2020-05-14,별점5점
신촌에서 가장 좋아하는 카페. 아메리카노와 얼그레이 가나슈의 조합 최곱니다!,2020-02-29,별점5점
너무너무 맛있어요~~,2020-05-10,별점5점
오레오 말차 가나슈 맛있어요.,2020-04-09,별점5점
파이 존맛사람많음,2020-04-12,별점5점
진짜 너무너무너무너무 맛있음,2020-02-23,별점5점
기대되요,2020-05-16,별점4점
얼그레이가나슈 맛있음파이끝부분이 바삭바삭,2020-02-19,별점5점
존맛이에요!! 근데 사람이 많아서 자리 잡기 힘들어요ㅠㅠㅠㅠ,2020-01-18,별점5점
파이도 쿠키도 스콘도 모두 맛있고 커피나 음료도 좋아요 그런데 스콘이 항상 밖에 특별한 커버 없이 나와있는거랑 (당연히 직원분이시겠지만) 밖에서 막 들어온 것으로 보이는 분들이 주방에 겉옷 가지고 들어가거나 하는 건 신경써서 관리해 주셨으면 좋겠어요,2020-01-05,별점4점
음료 맛있어요,2020-04-16,별점5점
"바나나치즈랑 흑임자콩고물, 스모어쿠키 먹었는데깜짝 놀라는 맛..",2020-03-15,별점2점
파이 모두 대존맛,2020-04-09,별점5점
자주 가는데 좋아용ㅎㅎ,2020-04-04,별점4점
00000000000,2020-05-09,별점5점
또 가고 싶은것이에요~~,2020-02-23,별점4점
방문했어요,2020-03-29,별점5점
"너무 맛있어요,,,",2020-04-16,별점5점
이미 너무나 유명한 신촌 디저트 맛집 파이홀월요일 저녁 8시인데도 매장 내부는 거의 만석이었어요동생이 맛있다고 데려간 곳이라 궁금했는데 정말 맛있었습니다파이필링이 정말 알차고 맛있어요 재료를 아낌없이 썼을 것 같은 맛입니다~테이블 간격이 좁고 손님이 많아 시끄러운 건 아쉽지만 맛있는 파이때문에 용서돼요~,2019-10-07,별점5점
비쥬얼👍,2020-04-09,별점5점
"맛은 괜찮은데 위생은 별로인것 같아요. 식재료 같은게 주방 밖에, 사람들 지나다니는 곳이 놓여 있고 파이를 만드는 과정의 일부를 밖에서 만들어요. 손님 최대한 많이 받으려고 테이블간에 간격도 좁아요.",2019-12-21,별점3점
맛나유,2020-05-25,별점4점
신촌 파이맛집이래서 가봤는데 사람도 많고 파이도 맛있었어용ㅋㅋㅋㅋ 커피도 굳ㅋㅋㅋ 녹차맛만 먼저 시켰다가 얼그레이가나슈 추가해서 먹었어요,2019-10-09,별점5점
말차 팥 타르트 맛나요,2020-03-12,
늘 맛있어요,2020-03-16,별점5점
맛있어용 !!!!!,2020-02-23,별점5점
단거 잘먹는데 너무 달아서 조금 남겼어요. 가격도 꽤 하는편.,2019-11-03,별점3점
웨이팅은 좀 있었지만 파이맛이 너무 좋았음,2019-08-18,별점4점
맛있어요~,2020-01-12,별점5점
음료는 쏘소 파이는 굿 파이에 홀릭당하고 갑니다,2019-10-13,별점5점
신촌 갈때마다 늘 방문하는 곳!,2019-10-13,별점5점
맛도 가격도 좋네요,2019-07-28,별점5점
파이짐짜맛있어요...!!,2019-04-26,별점5점
디져트가 맛있어요,2024-05-05,
